params,score,iteration
"{'stop_loss_pips': 21, 'take_profit_pips': 125, 'min_range_pips': 9, 'range_start_minute': 52, 'range_end_minute': 18, 'trailing_stop_pips': 26, 'trailing_activation_pips': 35}",-16.87502688327067,0
"{'stop_loss_pips': 48, 'take_profit_pips': 104, 'min_range_pips': 13, 'range_start_minute': 51, 'range_end_minute': 19, 'trailing_stop_pips': 19, 'trailing_activation_pips': 18}",-14.225172234343573,1
"{'stop_loss_pips': 36, 'take_profit_pips': 60, 'min_range_pips': 5, 'range_start_minute': 46, 'range_end_minute': 17, 'trailing_stop_pips': 14, 'trailing_activation_pips': 44}",-28.660283976650167,2
"{'stop_loss_pips': 34, 'take_profit_pips': 68, 'min_range_pips': 15, 'range_start_minute': 52, 'range_end_minute': 11, 'trailing_stop_pips': 20, 'trailing_activation_pips': 42}",-29.01795546088303,3
"{'stop_loss_pips': 47, 'take_profit_pips': 140, 'min_range_pips': 12, 'range_start_minute': 54, 'range_end_minute': 12, 'trailing_stop_pips': 25, 'trailing_activation_pips': 16}",-11.009561152739364,4
"{'stop_loss_pips': 41, 'take_profit_pips': 62, 'min_range_pips': 9, 'range_start_minute': 54, 'range_end_minute': 19, 'trailing_stop_pips': 12, 'trailing_activation_pips': 46}",-26.523378802923776,5
"{'stop_loss_pips': 48, 'take_profit_pips': 143, 'min_range_pips': 10, 'range_start_minute': 49, 'range_end_minute': 14, 'trailing_stop_pips': 26, 'trailing_activation_pips': 16}",-10.24927846772997,6
"{'stop_loss_pips': 37, 'take_profit_pips': 101, 'min_range_pips': 11, 'range_start_minute': 52, 'range_end_minute': 17, 'trailing_stop_pips': 18, 'trailing_activation_pips': 39}",-17.41821809600456,7
"{'stop_loss_pips': 23, 'take_profit_pips': 108, 'min_range_pips': 3, 'range_start_minute': 47, 'range_end_minute': 19, 'trailing_stop_pips': 13, 'trailing_activation_pips': 36}",-19.096138288812746,8
"{'stop_loss_pips': 50, 'take_profit_pips': 72, 'min_range_pips': 8, 'range_start_minute': 47, 'range_end_minute': 13, 'trailing_stop_pips': 13, 'trailing_activation_pips': 47}",-22.454139205880335,9
"{'stop_loss_pips': 42, 'take_profit_pips': 99, 'min_range_pips': 4, 'range_start_minute': 49, 'range_end_minute': 13, 'trailing_stop_pips': 20, 'trailing_activation_pips': 45}",-17.763249524255517,10
"{'stop_loss_pips': 44, 'take_profit_pips': 148, 'min_range_pips': 14, 'range_start_minute': 48, 'range_end_minute': 15, 'trailing_stop_pips': 16, 'trailing_activation_pips': 37}",-9.820951486090582,11
"{'stop_loss_pips': 26, 'take_profit_pips': 135, 'min_range_pips': 5, 'range_start_minute': 45, 'range_end_minute': 14, 'trailing_stop_pips': 14, 'trailing_activation_pips': 23}",-15.10685374048684,12
"{'stop_loss_pips': 47, 'take_profit_pips': 91, 'min_range_pips': 10, 'range_start_minute': 49, 'range_end_minute': 14, 'trailing_stop_pips': 24, 'trailing_activation_pips': 30}",-18.08574750204731,13
"{'stop_loss_pips': 28, 'take_profit_pips': 129, 'min_range_pips': 11, 'range_start_minute': 51, 'range_end_minute': 20, 'trailing_stop_pips': 22, 'trailing_activation_pips': 23}",-14.159285069752617,14
"{'stop_loss_pips': 25, 'take_profit_pips': 132, 'min_range_pips': 6, 'range_start_minute': 54, 'range_end_minute': 15, 'trailing_stop_pips': 16, 'trailing_activation_pips': 27}",-15.117566125654246,15
"{'stop_loss_pips': 39, 'take_profit_pips': 80, 'min_range_pips': 11, 'range_start_minute': 50, 'range_end_minute': 20, 'trailing_stop_pips': 28, 'trailing_activation_pips': 22}",-20.526202376239404,16
"{'stop_loss_pips': 27, 'take_profit_pips': 145, 'min_range_pips': 11, 'range_start_minute': 53, 'range_end_minute': 12, 'trailing_stop_pips': 23, 'trailing_activation_pips': 32}",-14.718786747886634,17
"{'stop_loss_pips': 30, 'take_profit_pips': 118, 'min_range_pips': 13, 'range_start_minute': 51, 'range_end_minute': 18, 'trailing_stop_pips': 13, 'trailing_activation_pips': 24}",-15.643119868984964,18
"{'stop_loss_pips': 21, 'take_profit_pips': 146, 'min_range_pips': 9, 'range_start_minute': 46, 'range_end_minute': 15, 'trailing_stop_pips': 24, 'trailing_activation_pips': 40}",-14.488570845197398,19
"{'stop_loss_pips': 44, 'take_profit_pips': 133, 'min_range_pips': 14, 'range_start_minute': 47, 'range_end_minute': 14, 'trailing_stop_pips': 27, 'trailing_activation_pips': 37}",-12.466920075807362,20
"{'stop_loss_pips': 37, 'take_profit_pips': 63, 'min_range_pips': 15, 'range_start_minute': 52, 'range_end_minute': 19, 'trailing_stop_pips': 17, 'trailing_activation_pips': 41}",-27.881110770527428,21
"{'stop_loss_pips': 39, 'take_profit_pips': 141, 'min_range_pips': 14, 'range_start_minute': 47, 'range_end_minute': 16, 'trailing_stop_pips': 29, 'trailing_activation_pips': 25}",-11.175529873887118,22
"{'stop_loss_pips': 40, 'take_profit_pips': 96, 'min_range_pips': 6, 'range_start_minute': 55, 'range_end_minute': 16, 'trailing_stop_pips': 29, 'trailing_activation_pips': 34}",-17.23819659702818,23
"{'stop_loss_pips': 33, 'take_profit_pips': 84, 'min_range_pips': 14, 'range_start_minute': 50, 'range_end_minute': 13, 'trailing_stop_pips': 29, 'trailing_activation_pips': 31}",-23.804895420957436,24
"{'stop_loss_pips': 29, 'take_profit_pips': 124, 'min_range_pips': 5, 'range_start_minute': 50, 'range_end_minute': 12, 'trailing_stop_pips': 30, 'trailing_activation_pips': 15}",-17.274558070177473,25
"{'stop_loss_pips': 45, 'take_profit_pips': 58, 'min_range_pips': 7, 'range_start_minute': 49, 'range_end_minute': 17, 'trailing_stop_pips': 18, 'trailing_activation_pips': 43}",-26.868615735777983,26
"{'stop_loss_pips': 31, 'take_profit_pips': 85, 'min_range_pips': 8, 'range_start_minute': 53, 'range_end_minute': 14, 'trailing_stop_pips': 29, 'trailing_activation_pips': 46}",-24.813650842275585,27
"{'stop_loss_pips': 29, 'take_profit_pips': 78, 'min_range_pips': 11, 'range_start_minute': 48, 'range_end_minute': 12, 'trailing_stop_pips': 16, 'trailing_activation_pips': 26}",-26.798567398521637,28
"{'stop_loss_pips': 25, 'take_profit_pips': 131, 'min_range_pips': 15, 'range_start_minute': 45, 'range_end_minute': 11, 'trailing_stop_pips': 10, 'trailing_activation_pips': 32}",-16.993794543296,29
"{'stop_loss_pips': 43, 'take_profit_pips': 77, 'min_range_pips': 5, 'range_start_minute': 52, 'range_end_minute': 16, 'trailing_stop_pips': 18, 'trailing_activation_pips': 44}",-21.337004543042873,30
"{'stop_loss_pips': 26, 'take_profit_pips': 88, 'min_range_pips': 13, 'range_start_minute': 46, 'range_end_minute': 14, 'trailing_stop_pips': 21, 'trailing_activation_pips': 22}",-24.19595080443894,31
"{'stop_loss_pips': 34, 'take_profit_pips': 111, 'min_range_pips': 9, 'range_start_minute': 51, 'range_end_minute': 17, 'trailing_stop_pips': 26, 'trailing_activation_pips': 29}",-16.534900094048577,32
"{'stop_loss_pips': 38, 'take_profit_pips': 115, 'min_range_pips': 4, 'range_start_minute': 51, 'range_end_minute': 18, 'trailing_stop_pips': 25, 'trailing_activation_pips': 19}",-14.529985855566867,33
"{'stop_loss_pips': 20, 'take_profit_pips': 75, 'min_range_pips': 13, 'range_start_minute': 53, 'range_end_minute': 18, 'trailing_stop_pips': 12, 'trailing_activation_pips': 30}",-31.35854967246391,34
"{'stop_loss_pips': 43, 'take_profit_pips': 109, 'min_range_pips': 10, 'range_start_minute': 46, 'range_end_minute': 16, 'trailing_stop_pips': 11, 'trailing_activation_pips': 29}",-14.744477628810873,35
"{'stop_loss_pips': 38, 'take_profit_pips': 128, 'min_range_pips': 5, 'range_start_minute': 54, 'range_end_minute': 10, 'trailing_stop_pips': 23, 'trailing_activation_pips': 43}",-14.653905634704076,36
"{'stop_loss_pips': 33, 'take_profit_pips': 65, 'min_range_pips': 9, 'range_start_minute': 48, 'range_end_minute': 16, 'trailing_stop_pips': 11, 'trailing_activation_pips': 33}",-28.274718432841766,37
"{'stop_loss_pips': 24, 'take_profit_pips': 52, 'min_range_pips': 7, 'range_start_minute': 46, 'range_end_minute': 13, 'trailing_stop_pips': 24, 'trailing_activation_pips': 47}",-41.56703527364737,38
"{'stop_loss_pips': 21, 'take_profit_pips': 70, 'min_range_pips': 5, 'range_start_minute': 50, 'range_end_minute': 19, 'trailing_stop_pips': 11, 'trailing_activation_pips': 17}",-31.23883045982735,39
"{'stop_loss_pips': 30, 'take_profit_pips': 79, 'min_range_pips': 10, 'range_start_minute': 54, 'range_end_minute': 11, 'trailing_stop_pips': 22, 'trailing_activation_pips': 49}",-27.38267808261074,40
"{'stop_loss_pips': 22, 'take_profit_pips': 102, 'min_range_pips': 12, 'range_start_minute': 50, 'range_end_minute': 19, 'trailing_stop_pips': 15, 'trailing_activation_pips': 40}",-21.305627333090776,41
"{'stop_loss_pips': 28, 'take_profit_pips': 70, 'min_range_pips': 3, 'range_start_minute': 55, 'range_end_minute': 18, 'trailing_stop_pips': 26, 'trailing_activation_pips': 41}",-27.43110760749003,42
"{'stop_loss_pips': 22, 'take_profit_pips': 82, 'min_range_pips': 4, 'range_start_minute': 51, 'range_end_minute': 10, 'trailing_stop_pips': 23, 'trailing_activation_pips': 39}",-29.06473048087594,43
"{'stop_loss_pips': 35, 'take_profit_pips': 74, 'min_range_pips': 12, 'range_start_minute': 55, 'range_end_minute': 16, 'trailing_stop_pips': 14, 'trailing_activation_pips': 31}",-25.407452171505874,44
"{'stop_loss_pips': 40, 'take_profit_pips': 116, 'min_range_pips': 7, 'range_start_minute': 53, 'range_end_minute': 12, 'trailing_stop_pips': 16, 'trailing_activation_pips': 27}",-15.870699579866464,45
"{'stop_loss_pips': 42, 'take_profit_pips': 92, 'min_range_pips': 10, 'range_start_minute': 45, 'range_end_minute': 15, 'trailing_stop_pips': 19, 'trailing_activation_pips': 24}",-17.921247189648494,46
"{'stop_loss_pips': 32, 'take_profit_pips': 56, 'min_range_pips': 8, 'range_start_minute': 52, 'range_end_minute': 12, 'trailing_stop_pips': 21, 'trailing_activation_pips': 45}",-34.334808598987955,47
"{'stop_loss_pips': 40, 'take_profit_pips': 112, 'min_range_pips': 6, 'range_start_minute': 48, 'range_end_minute': 15, 'trailing_stop_pips': 19, 'trailing_activation_pips': 21}",-14.44702382512677,48
"{'stop_loss_pips': 46, 'take_profit_pips': 149, 'min_range_pips': 4, 'range_start_minute': 47, 'range_end_minute': 15, 'trailing_stop_pips': 28, 'trailing_activation_pips': 42}",-9.064545940633758,49
"{'stop_loss_pips': 25, 'take_profit_pips': 66, 'min_range_pips': 7, 'range_start_minute': 53, 'range_end_minute': 12, 'trailing_stop_pips': 25, 'trailing_activation_pips': 21}",-35.69245181806088,50
"{'stop_loss_pips': 28, 'take_profit_pips': 121, 'min_range_pips': 6, 'range_start_minute': 54, 'range_end_minute': 19, 'trailing_stop_pips': 21, 'trailing_activation_pips': 48}",-15.219855849851388,51
"{'stop_loss_pips': 34, 'take_profit_pips': 53, 'min_range_pips': 12, 'range_start_minute': 51, 'range_end_minute': 10, 'trailing_stop_pips': 12, 'trailing_activation_pips': 38}",-35.28375457834321,52
"{'stop_loss_pips': 23, 'take_profit_pips': 126, 'min_range_pips': 12, 'range_start_minute': 49, 'range_end_minute': 17, 'trailing_stop_pips': 21, 'trailing_activation_pips': 48}",-16.002493591606626,53
"{'stop_loss_pips': 27, 'take_profit_pips': 137, 'min_range_pips': 13, 'range_start_minute': 48, 'range_end_minute': 12, 'trailing_stop_pips': 15, 'trailing_activation_pips': 38}",-14.933858221168382,54
"{'stop_loss_pips': 43, 'take_profit_pips': 87, 'min_range_pips': 8, 'range_start_minute': 53, 'range_end_minute': 17, 'trailing_stop_pips': 28, 'trailing_activation_pips': 26}",-18.827389267078487,55
"{'stop_loss_pips': 32, 'take_profit_pips': 105, 'min_range_pips': 8, 'range_start_minute': 47, 'range_end_minute': 18, 'trailing_stop_pips': 22, 'trailing_activation_pips': 19}",-17.627271520224994,56
"{'stop_loss_pips': 49, 'take_profit_pips': 61, 'min_range_pips': 13, 'range_start_minute': 53, 'range_end_minute': 15, 'trailing_stop_pips': 23, 'trailing_activation_pips': 18}",-24.366314380298984,57
"{'stop_loss_pips': 38, 'take_profit_pips': 94, 'min_range_pips': 8, 'range_start_minute': 50, 'range_end_minute': 13, 'trailing_stop_pips': 17, 'trailing_activation_pips': 34}",-20.567631780383902,58
"{'stop_loss_pips': 36, 'take_profit_pips': 89, 'min_range_pips': 3, 'range_start_minute': 46, 'range_end_minute': 13, 'trailing_stop_pips': 11, 'trailing_activation_pips': 35}",-20.931273053876403,59
"{'stop_loss_pips': 47, 'take_profit_pips': 98, 'min_range_pips': 7, 'range_start_minute': 49, 'range_end_minute': 11, 'trailing_stop_pips': 17, 'trailing_activation_pips': 20}",-16.70065349808852,60
"{'stop_loss_pips': 49, 'take_profit_pips': 95, 'min_range_pips': 12, 'range_start_minute': 50, 'range_end_minute': 18, 'trailing_stop_pips': 30, 'trailing_activation_pips': 20}",-15.86954158253154,61
"{'stop_loss_pips': 41, 'take_profit_pips': 106, 'min_range_pips': 14, 'range_start_minute': 53, 'range_end_minute': 20, 'trailing_stop_pips': 27, 'trailing_activation_pips': 25}",-14.98044101490385,62
"{'stop_loss_pips': 46, 'take_profit_pips': 120, 'min_range_pips': 10, 'range_start_minute': 48, 'range_end_minute': 11, 'trailing_stop_pips': 15, 'trailing_activation_pips': 17}",-13.324728805653423,63
"{'stop_loss_pips': 45, 'take_profit_pips': 142, 'min_range_pips': 4, 'range_start_minute': 54, 'range_end_minute': 11, 'trailing_stop_pips': 11, 'trailing_activation_pips': 50}",-11.29543320840221,64
"{'stop_loss_pips': 49, 'take_profit_pips': 138, 'min_range_pips': 4, 'range_start_minute': 47, 'range_end_minute': 16, 'trailing_stop_pips': 20, 'trailing_activation_pips': 36}",-9.804046264425178,65
"{'stop_loss_pips': 35, 'take_profit_pips': 55, 'min_range_pips': 6, 'range_start_minute': 50, 'range_end_minute': 16, 'trailing_stop_pips': 20, 'trailing_activation_pips': 28}",-32.49124489469061,66
"{'stop_loss_pips': 23, 'take_profit_pips': 113, 'min_range_pips': 12, 'range_start_minute': 47, 'range_end_minute': 17, 'trailing_stop_pips': 18, 'trailing_activation_pips': 49}",-18.14799608390311,67
"{'stop_loss_pips': 32, 'take_profit_pips': 123, 'min_range_pips': 7, 'range_start_minute': 48, 'range_end_minute': 14, 'trailing_stop_pips': 27, 'trailing_activation_pips': 33}",-15.290090943268394,68
"{'stop_loss_pips': 30, 'take_profit_pips': 51, 'min_range_pips': 10, 'range_start_minute': 45, 'range_end_minute': 11, 'trailing_stop_pips': 14, 'trailing_activation_pips': 28}",-38.080833574398866,69
"{'stop_loss_pips': 36, 'take_profit_pips': 148, 'min_range_pips': 4, 'range_start_minute': 47, 'range_end_minute': 14, 'trailing_stop_pips': 28, 'trailing_activation_pips': 25}",-11.86170730721884,70
"{'stop_loss_pips': 28, 'take_profit_pips': 81, 'min_range_pips': 7, 'range_start_minute': 48, 'range_end_minute': 15, 'trailing_stop_pips': 19, 'trailing_activation_pips': 46}",-23.67759121463538,71
"{'stop_loss_pips': 35, 'take_profit_pips': 104, 'min_range_pips': 9, 'range_start_minute': 46, 'range_end_minute': 15, 'trailing_stop_pips': 13, 'trailing_activation_pips': 31}",-17.80798234313253,72
"{'stop_loss_pips': 49, 'take_profit_pips': 75, 'min_range_pips': 4, 'range_start_minute': 52, 'range_end_minute': 11, 'trailing_stop_pips': 23, 'trailing_activation_pips': 35}",-21.835362360264806,73
"{'stop_loss_pips': 40, 'take_profit_pips': 101, 'min_range_pips': 10, 'range_start_minute': 48, 'range_end_minute': 12, 'trailing_stop_pips': 16, 'trailing_activation_pips': 30}",-17.822505876973636,74
"{'stop_loss_pips': 41, 'take_profit_pips': 112, 'min_range_pips': 8, 'range_start_minute': 53, 'range_end_minute': 19, 'trailing_stop_pips': 12, 'trailing_activation_pips': 45}",-14.368518958194779,75
"{'stop_loss_pips': 44, 'take_profit_pips': 147, 'min_range_pips': 10, 'range_start_minute': 47, 'range_end_minute': 19, 'trailing_stop_pips': 26, 'trailing_activation_pips': 19}",-9.9175755392935,76
"{'stop_loss_pips': 44, 'take_profit_pips': 132, 'min_range_pips': 11, 'range_start_minute': 47, 'range_end_minute': 15, 'trailing_stop_pips': 23, 'trailing_activation_pips': 25}",-11.515836420042822,77
"{'stop_loss_pips': 33, 'take_profit_pips': 140, 'min_range_pips': 3, 'range_start_minute': 46, 'range_end_minute': 15, 'trailing_stop_pips': 19, 'trailing_activation_pips': 49}",-12.361321491040457,78
"{'stop_loss_pips': 50, 'take_profit_pips': 127, 'min_range_pips': 6, 'range_start_minute': 53, 'range_end_minute': 15, 'trailing_stop_pips': 16, 'trailing_activation_pips': 36}",-11.08817184928726,79
"{'stop_loss_pips': 42, 'take_profit_pips': 99, 'min_range_pips': 4, 'range_start_minute': 55, 'range_end_minute': 11, 'trailing_stop_pips': 19, 'trailing_activation_pips': 34}",-18.324283488599168,80
"{'stop_loss_pips': 45, 'take_profit_pips': 142, 'min_range_pips': 4, 'range_start_minute': 48, 'range_end_minute': 11, 'trailing_stop_pips': 25, 'trailing_activation_pips': 37}",-11.041836016801652,81
"{'stop_loss_pips': 20, 'take_profit_pips': 70, 'min_range_pips': 8, 'range_start_minute': 47, 'range_end_minute': 14, 'trailing_stop_pips': 14, 'trailing_activation_pips': 21}",-33.66104033354629,82
"{'stop_loss_pips': 47, 'take_profit_pips': 90, 'min_range_pips': 3, 'range_start_minute': 47, 'range_end_minute': 14, 'trailing_stop_pips': 10, 'trailing_activation_pips': 33}",-18.296497783717186,83
"{'stop_loss_pips': 47, 'take_profit_pips': 134, 'min_range_pips': 9, 'range_start_minute': 52, 'range_end_minute': 12, 'trailing_stop_pips': 22, 'trailing_activation_pips': 23}",-11.677349078170247,84
"{'stop_loss_pips': 24, 'take_profit_pips': 132, 'min_range_pips': 7, 'range_start_minute': 53, 'range_end_minute': 20, 'trailing_stop_pips': 16, 'trailing_activation_pips': 27}",-15.107932988569246,85
"{'stop_loss_pips': 22, 'take_profit_pips': 80, 'min_range_pips': 8, 'range_start_minute': 52, 'range_end_minute': 20, 'trailing_stop_pips': 17, 'trailing_activation_pips': 22}",-27.528423747066654,86
"{'stop_loss_pips': 48, 'take_profit_pips': 145, 'min_range_pips': 8, 'range_start_minute': 46, 'range_end_minute': 12, 'trailing_stop_pips': 12, 'trailing_activation_pips': 20}",-10.047849066691725,87
"{'stop_loss_pips': 30, 'take_profit_pips': 118, 'min_range_pips': 9, 'range_start_minute': 51, 'range_end_minute': 14, 'trailing_stop_pips': 13, 'trailing_activation_pips': 38}",-18.193587165767745,88
"{'stop_loss_pips': 30, 'take_profit_pips': 145, 'min_range_pips': 7, 'range_start_minute': 46, 'range_end_minute': 11, 'trailing_stop_pips': 22, 'trailing_activation_pips': 20}",-13.628133287700988,89
"{'stop_loss_pips': 40, 'take_profit_pips': 122, 'min_range_pips': 4, 'range_start_minute': 55, 'range_end_minute': 14, 'trailing_stop_pips': 27, 'trailing_activation_pips': 43}",-14.741245016558528,90
"{'stop_loss_pips': 48, 'take_profit_pips': 63, 'min_range_pips': 3, 'range_start_minute': 52, 'range_end_minute': 15, 'trailing_stop_pips': 14, 'trailing_activation_pips': 35}",-23.806040167166337,91
"{'stop_loss_pips': 47, 'take_profit_pips': 141, 'min_range_pips': 15, 'range_start_minute': 47, 'range_end_minute': 10, 'trailing_stop_pips': 11, 'trailing_activation_pips': 22}",-10.662944836494884,92
"{'stop_loss_pips': 33, 'take_profit_pips': 80, 'min_range_pips': 3, 'range_start_minute': 55, 'range_end_minute': 14, 'trailing_stop_pips': 26, 'trailing_activation_pips': 27}",-25.116656456695765,93
"{'stop_loss_pips': 39, 'take_profit_pips': 94, 'min_range_pips': 11, 'range_start_minute': 55, 'range_end_minute': 14, 'trailing_stop_pips': 20, 'trailing_activation_pips': 30}",-19.692197245508893,94
"{'stop_loss_pips': 40, 'take_profit_pips': 136, 'min_range_pips': 7, 'range_start_minute': 49, 'range_end_minute': 12, 'trailing_stop_pips': 27, 'trailing_activation_pips': 15}",-12.843485975435689,95
"{'stop_loss_pips': 43, 'take_profit_pips': 96, 'min_range_pips': 10, 'range_start_minute': 55, 'range_end_minute': 17, 'trailing_stop_pips': 20, 'trailing_activation_pips': 43}",-16.67251351277442,96
"{'stop_loss_pips': 50, 'take_profit_pips': 125, 'min_range_pips': 6, 'range_start_minute': 48, 'range_end_minute': 13, 'trailing_stop_pips': 12, 'trailing_activation_pips': 34}",-12.405531931154101,97
"{'stop_loss_pips': 29, 'take_profit_pips': 78, 'min_range_pips': 10, 'range_start_minute': 48, 'range_end_minute': 20, 'trailing_stop_pips': 23, 'trailing_activation_pips': 17}",-24.27007078752284,98
"{'stop_loss_pips': 46, 'take_profit_pips': 132, 'min_range_pips': 4, 'range_start_minute': 45, 'range_end_minute': 17, 'trailing_stop_pips': 10, 'trailing_activation_pips': 27}",-10.814402440439643,99
"{'stop_loss_pips': 31, 'take_profit_pips': 117, 'min_range_pips': 8, 'range_start_minute': 45, 'range_end_minute': 14, 'trailing_stop_pips': 18, 'trailing_activation_pips': 21}",-17.00185949938191,100
"{'stop_loss_pips': 42, 'take_profit_pips': 73, 'min_range_pips': 13, 'range_start_minute': 48, 'range_end_minute': 18, 'trailing_stop_pips': 10, 'trailing_activation_pips': 26}",-22.725246210614287,101
"{'stop_loss_pips': 37, 'take_profit_pips': 74, 'min_range_pips': 6, 'range_start_minute': 46, 'range_end_minute': 14, 'trailing_stop_pips': 14, 'trailing_activation_pips': 34}",-24.709792839530568,102
"{'stop_loss_pips': 38, 'take_profit_pips': 132, 'min_range_pips': 6, 'range_start_minute': 46, 'range_end_minute': 19, 'trailing_stop_pips': 25, 'trailing_activation_pips': 30}",-12.235537723012543,103
"{'stop_loss_pips': 31, 'take_profit_pips': 75, 'min_range_pips': 13, 'range_start_minute': 54, 'range_end_minute': 18, 'trailing_stop_pips': 12, 'trailing_activation_pips': 32}",-25.106830613819046,104
"{'stop_loss_pips': 47, 'take_profit_pips': 99, 'min_range_pips': 10, 'range_start_minute': 48, 'range_end_minute': 16, 'trailing_stop_pips': 12, 'trailing_activation_pips': 29}",-15.310120707410265,105
"{'stop_loss_pips': 30, 'take_profit_pips': 145, 'min_range_pips': 5, 'range_start_minute': 54, 'range_end_minute': 10, 'trailing_stop_pips': 11, 'trailing_activation_pips': 25}",-14.359361754093623,106
"{'stop_loss_pips': 41, 'take_profit_pips': 80, 'min_range_pips': 7, 'range_start_minute': 49, 'range_end_minute': 12, 'trailing_stop_pips': 11, 'trailing_activation_pips': 42}",-22.41387589847738,107
"{'stop_loss_pips': 24, 'take_profit_pips': 84, 'min_range_pips': 11, 'range_start_minute': 46, 'range_end_minute': 16, 'trailing_stop_pips': 24, 'trailing_activation_pips': 47}",-24.737386533879977,108
"{'stop_loss_pips': 21, 'take_profit_pips': 96, 'min_range_pips': 5, 'range_start_minute': 48, 'range_end_minute': 12, 'trailing_stop_pips': 18, 'trailing_activation_pips': 17}",-24.658786829270728,109
"{'stop_loss_pips': 38, 'take_profit_pips': 96, 'min_range_pips': 14, 'range_start_minute': 45, 'range_end_minute': 13, 'trailing_stop_pips': 28, 'trailing_activation_pips': 32}",-19.072364069594496,110
"{'stop_loss_pips': 22, 'take_profit_pips': 85, 'min_range_pips': 12, 'range_start_minute': 50, 'range_end_minute': 14, 'trailing_stop_pips': 26, 'trailing_activation_pips': 24}",-28.05451326884367,111
"{'stop_loss_pips': 44, 'take_profit_pips': 70, 'min_range_pips': 8, 'range_start_minute': 55, 'range_end_minute': 12, 'trailing_stop_pips': 21, 'trailing_activation_pips': 22}",-24.233934014573105,112
"{'stop_loss_pips': 45, 'take_profit_pips': 136, 'min_range_pips': 10, 'range_start_minute': 46, 'range_end_minute': 10, 'trailing_stop_pips': 29, 'trailing_activation_pips': 28}",-11.69765193376252,113
"{'stop_loss_pips': 35, 'take_profit_pips': 75, 'min_range_pips': 7, 'range_start_minute': 55, 'range_end_minute': 13, 'trailing_stop_pips': 20, 'trailing_activation_pips': 26}",-26.51876190879706,114
"{'stop_loss_pips': 46, 'take_profit_pips': 69, 'min_range_pips': 5, 'range_start_minute': 50, 'range_end_minute': 12, 'trailing_stop_pips': 14, 'trailing_activation_pips': 45}",-23.94243143371953,115
"{'stop_loss_pips': 42, 'take_profit_pips': 51, 'min_range_pips': 9, 'range_start_minute': 53, 'range_end_minute': 15, 'trailing_stop_pips': 17, 'trailing_activation_pips': 24}",-30.270780002499638,116
"{'stop_loss_pips': 32, 'take_profit_pips': 101, 'min_range_pips': 6, 'range_start_minute': 54, 'range_end_minute': 19, 'trailing_stop_pips': 26, 'trailing_activation_pips': 46}",-18.466015853977076,117
"{'stop_loss_pips': 26, 'take_profit_pips': 78, 'min_range_pips': 6, 'range_start_minute': 49, 'range_end_minute': 14, 'trailing_stop_pips': 21, 'trailing_activation_pips': 30}",-27.291787227229925,118
"{'stop_loss_pips': 25, 'take_profit_pips': 119, 'min_range_pips': 5, 'range_start_minute': 48, 'range_end_minute': 18, 'trailing_stop_pips': 20, 'trailing_activation_pips': 43}",-17.015693935973072,119
"{'stop_loss_pips': 37, 'take_profit_pips': 66, 'min_range_pips': 7, 'range_start_minute': 52, 'range_end_minute': 18, 'trailing_stop_pips': 25, 'trailing_activation_pips': 38}",-26.73143583759334,120
"{'stop_loss_pips': 43, 'take_profit_pips': 112, 'min_range_pips': 5, 'range_start_minute': 50, 'range_end_minute': 19, 'trailing_stop_pips': 21, 'trailing_activation_pips': 18}",-14.133376943954257,121
"{'stop_loss_pips': 34, 'take_profit_pips': 118, 'min_range_pips': 4, 'range_start_minute': 51, 'range_end_minute': 16, 'trailing_stop_pips': 18, 'trailing_activation_pips': 17}",-15.401253159923922,122
"{'stop_loss_pips': 23, 'take_profit_pips': 91, 'min_range_pips': 14, 'range_start_minute': 45, 'range_end_minute': 17, 'trailing_stop_pips': 21, 'trailing_activation_pips': 25}",-22.999733887079536,123
"{'stop_loss_pips': 27, 'take_profit_pips': 52, 'min_range_pips': 13, 'range_start_minute': 55, 'range_end_minute': 12, 'trailing_stop_pips': 11, 'trailing_activation_pips': 38}",-39.80018244530033,124
"{'stop_loss_pips': 43, 'take_profit_pips': 105, 'min_range_pips': 8, 'range_start_minute': 55, 'range_end_minute': 20, 'trailing_stop_pips': 14, 'trailing_activation_pips': 48}",-14.764111480069245,125
"{'stop_loss_pips': 26, 'take_profit_pips': 85, 'min_range_pips': 14, 'range_start_minute': 53, 'range_end_minute': 18, 'trailing_stop_pips': 28, 'trailing_activation_pips': 19}",-22.677765592495508,126
"{'stop_loss_pips': 25, 'take_profit_pips': 107, 'min_range_pips': 5, 'range_start_minute': 45, 'range_end_minute': 15, 'trailing_stop_pips': 23, 'trailing_activation_pips': 22}",-19.18442276706971,127
"{'stop_loss_pips': 38, 'take_profit_pips': 94, 'min_range_pips': 8, 'range_start_minute': 53, 'range_end_minute': 13, 'trailing_stop_pips': 26, 'trailing_activation_pips': 21}",-20.567631780383902,128
"{'stop_loss_pips': 38, 'take_profit_pips': 131, 'min_range_pips': 8, 'range_start_minute': 54, 'range_end_minute': 16, 'trailing_stop_pips': 11, 'trailing_activation_pips': 35}",-12.345801556991534,129
"{'stop_loss_pips': 44, 'take_profit_pips': 98, 'min_range_pips': 7, 'range_start_minute': 49, 'range_end_minute': 11, 'trailing_stop_pips': 20, 'trailing_activation_pips': 20}",-17.804252335629577,130
"{'stop_loss_pips': 24, 'take_profit_pips': 126, 'min_range_pips': 9, 'range_start_minute': 46, 'range_end_minute': 11, 'trailing_stop_pips': 24, 'trailing_activation_pips': 49}",-17.660668064862207,131
"{'stop_loss_pips': 41, 'take_profit_pips': 106, 'min_range_pips': 13, 'range_start_minute': 53, 'range_end_minute': 12, 'trailing_stop_pips': 18, 'trailing_activation_pips': 25}",-16.886777879688307,132
"{'stop_loss_pips': 46, 'take_profit_pips': 120, 'min_range_pips': 12, 'range_start_minute': 48, 'range_end_minute': 13, 'trailing_stop_pips': 15, 'trailing_activation_pips': 17}",-13.324728805653423,133
"{'stop_loss_pips': 39, 'take_profit_pips': 69, 'min_range_pips': 4, 'range_start_minute': 46, 'range_end_minute': 14, 'trailing_stop_pips': 11, 'trailing_activation_pips': 48}",-26.17950425277647,134
"{'stop_loss_pips': 49, 'take_profit_pips': 140, 'min_range_pips': 7, 'range_start_minute': 47, 'range_end_minute': 19, 'trailing_stop_pips': 28, 'trailing_activation_pips': 36}",-9.597403710474296,135
"{'stop_loss_pips': 39, 'take_profit_pips': 131, 'min_range_pips': 12, 'range_start_minute': 52, 'range_end_minute': 16, 'trailing_stop_pips': 20, 'trailing_activation_pips': 32}",-12.05206460034459,136
"{'stop_loss_pips': 45, 'take_profit_pips': 57, 'min_range_pips': 7, 'range_start_minute': 48, 'range_end_minute': 17, 'trailing_stop_pips': 18, 'trailing_activation_pips': 38}",-27.266827881690876,137
"{'stop_loss_pips': 34, 'take_profit_pips': 123, 'min_range_pips': 7, 'range_start_minute': 48, 'range_end_minute': 15, 'trailing_stop_pips': 26, 'trailing_activation_pips': 30}",-14.607032694913125,138
"{'stop_loss_pips': 29, 'take_profit_pips': 51, 'min_range_pips': 5, 'range_start_minute': 49, 'range_end_minute': 15, 'trailing_stop_pips': 23, 'trailing_activation_pips': 19}",-35.55013676257031,139
"{'stop_loss_pips': 49, 'take_profit_pips': 149, 'min_range_pips': 12, 'range_start_minute': 45, 'range_end_minute': 15, 'trailing_stop_pips': 11, 'trailing_activation_pips': 26}",-8.790859141439576,140
"{'stop_loss_pips': 42, 'take_profit_pips': 139, 'min_range_pips': 13, 'range_start_minute': 47, 'range_end_minute': 13, 'trailing_stop_pips': 22, 'trailing_activation_pips': 23}",-12.1373756367102,141
"{'stop_loss_pips': 47, 'take_profit_pips': 104, 'min_range_pips': 7, 'range_start_minute': 46, 'range_end_minute': 18, 'trailing_stop_pips': 28, 'trailing_activation_pips': 31}",-14.44184768476987,142
"{'stop_loss_pips': 32, 'take_profit_pips': 98, 'min_range_pips': 5, 'range_start_minute': 54, 'range_end_minute': 19, 'trailing_stop_pips': 16, 'trailing_activation_pips': 35}",-19.087335735921798,143
"{'stop_loss_pips': 40, 'take_profit_pips': 140, 'min_range_pips': 12, 'range_start_minute': 54, 'range_end_minute': 11, 'trailing_stop_pips': 25, 'trailing_activation_pips': 26}",-12.667962066046638,144
"{'stop_loss_pips': 41, 'take_profit_pips': 121, 'min_range_pips': 12, 'range_start_minute': 54, 'range_end_minute': 10, 'trailing_stop_pips': 28, 'trailing_activation_pips': 45}",-14.504134017089253,145
"{'stop_loss_pips': 44, 'take_profit_pips': 147, 'min_range_pips': 7, 'range_start_minute': 47, 'range_end_minute': 15, 'trailing_stop_pips': 26, 'trailing_activation_pips': 37}",-9.9175755392935,146
"{'stop_loss_pips': 45, 'take_profit_pips': 86, 'min_range_pips': 6, 'range_start_minute': 47, 'range_end_minute': 15, 'trailing_stop_pips': 23, 'trailing_activation_pips': 25}",-18.78754530516328,147
"{'stop_loss_pips': 33, 'take_profit_pips': 140, 'min_range_pips': 4, 'range_start_minute': 46, 'range_end_minute': 12, 'trailing_stop_pips': 19, 'trailing_activation_pips': 36}",-12.932737010750808,148
"{'stop_loss_pips': 43, 'take_profit_pips': 128, 'min_range_pips': 7, 'range_start_minute': 49, 'range_end_minute': 15, 'trailing_stop_pips': 25, 'trailing_activation_pips': 19}",-12.06381235856931,149
"{'stop_loss_pips': 42, 'take_profit_pips': 121, 'min_range_pips': 8, 'range_start_minute': 49, 'range_end_minute': 17, 'trailing_stop_pips': 20, 'trailing_activation_pips': 44}",-12.989684432283303,150
"{'stop_loss_pips': 23, 'take_profit_pips': 140, 'min_range_pips': 5, 'range_start_minute': 52, 'range_end_minute': 11, 'trailing_stop_pips': 26, 'trailing_activation_pips': 43}",-16.5551439982605,151
"{'stop_loss_pips': 31, 'take_profit_pips': 133, 'min_range_pips': 6, 'range_start_minute': 46, 'range_end_minute': 13, 'trailing_stop_pips': 15, 'trailing_activation_pips': 39}",-14.642237949746878,152
"{'stop_loss_pips': 47, 'take_profit_pips': 109, 'min_range_pips': 10, 'range_start_minute': 49, 'range_end_minute': 14, 'trailing_stop_pips': 24, 'trailing_activation_pips': 17}",-14.801729210894154,153
"{'stop_loss_pips': 47, 'take_profit_pips': 127, 'min_range_pips': 9, 'range_start_minute': 52, 'range_end_minute': 14, 'trailing_stop_pips': 22, 'trailing_activation_pips': 29}",-12.52062908875426,154
"{'stop_loss_pips': 44, 'take_profit_pips': 132, 'min_range_pips': 9, 'range_start_minute': 48, 'range_end_minute': 17, 'trailing_stop_pips': 11, 'trailing_activation_pips': 27}",-11.515836420042822,155
"{'stop_loss_pips': 49, 'take_profit_pips': 80, 'min_range_pips': 11, 'range_start_minute': 46, 'range_end_minute': 14, 'trailing_stop_pips': 15, 'trailing_activation_pips': 34}",-20.328375829018245,156
"{'stop_loss_pips': 33, 'take_profit_pips': 80, 'min_range_pips': 14, 'range_start_minute': 48, 'range_end_minute': 16, 'trailing_stop_pips': 27, 'trailing_activation_pips': 36}",-23.327567172662864,157
"{'stop_loss_pips': 44, 'take_profit_pips': 135, 'min_range_pips': 9, 'range_start_minute': 45, 'range_end_minute': 18, 'trailing_stop_pips': 21, 'trailing_activation_pips': 18}",-11.17205288360548,158
"{'stop_loss_pips': 30, 'take_profit_pips': 120, 'min_range_pips': 7, 'range_start_minute': 46, 'range_end_minute': 11, 'trailing_stop_pips': 22, 'trailing_activation_pips': 20}",-17.03131260560234,159
"{'stop_loss_pips': 30, 'take_profit_pips': 61, 'min_range_pips': 6, 'range_start_minute': 48, 'range_end_minute': 12, 'trailing_stop_pips': 27, 'trailing_activation_pips': 32}",-33.34153738915619,160
"{'stop_loss_pips': 47, 'take_profit_pips': 127, 'min_range_pips': 3, 'range_start_minute': 49, 'range_end_minute': 15, 'trailing_stop_pips': 14, 'trailing_activation_pips': 39}",-11.172152767591246,161
"{'stop_loss_pips': 46, 'take_profit_pips': 140, 'min_range_pips': 4, 'range_start_minute': 52, 'range_end_minute': 10, 'trailing_stop_pips': 11, 'trailing_activation_pips': 22}",-11.145961913376224,162
"{'stop_loss_pips': 40, 'take_profit_pips': 96, 'min_range_pips': 7, 'range_start_minute': 45, 'range_end_minute': 16, 'trailing_stop_pips': 26, 'trailing_activation_pips': 50}",-17.283502532489624,163
"{'stop_loss_pips': 46, 'take_profit_pips': 94, 'min_range_pips': 8, 'range_start_minute': 55, 'range_end_minute': 17, 'trailing_stop_pips': 16, 'trailing_activation_pips': 17}",-16.854595039221884,164
"{'stop_loss_pips': 40, 'take_profit_pips': 66, 'min_range_pips': 7, 'range_start_minute': 48, 'range_end_minute': 17, 'trailing_stop_pips': 26, 'trailing_activation_pips': 18}",-25.15279221352051,165
"{'stop_loss_pips': 33, 'take_profit_pips': 147, 'min_range_pips': 8, 'range_start_minute': 50, 'range_end_minute': 16, 'trailing_stop_pips': 20, 'trailing_activation_pips': 24}",-11.64435669083236,166
"{'stop_loss_pips': 35, 'take_profit_pips': 142, 'min_range_pips': 6, 'range_start_minute': 47, 'range_end_minute': 13, 'trailing_stop_pips': 30, 'trailing_activation_pips': 44}",-12.853080714476913,167
"{'stop_loss_pips': 36, 'take_profit_pips': 78, 'min_range_pips': 6, 'range_start_minute': 46, 'range_end_minute': 20, 'trailing_stop_pips': 23, 'trailing_activation_pips': 17}",-21.86307483088923,168
"{'stop_loss_pips': 20, 'take_profit_pips': 132, 'min_range_pips': 4, 'range_start_minute': 45, 'range_end_minute': 13, 'trailing_stop_pips': 10, 'trailing_activation_pips': 17}",-17.340452869700147,169
"{'stop_loss_pips': 26, 'take_profit_pips': 117, 'min_range_pips': 9, 'range_start_minute': 50, 'range_end_minute': 16, 'trailing_stop_pips': 18, 'trailing_activation_pips': 19}",-15.862790432133506,170
"{'stop_loss_pips': 30, 'take_profit_pips': 123, 'min_range_pips': 15, 'range_start_minute': 48, 'range_end_minute': 18, 'trailing_stop_pips': 20, 'trailing_activation_pips': 37}",-14.835562088723737,171
"{'stop_loss_pips': 49, 'take_profit_pips': 129, 'min_range_pips': 6, 'range_start_minute': 47, 'range_end_minute': 13, 'trailing_stop_pips': 14, 'trailing_activation_pips': 35}",-11.857088113796673,172
"{'stop_loss_pips': 49, 'take_profit_pips': 103, 'min_range_pips': 6, 'range_start_minute': 50, 'range_end_minute': 17, 'trailing_stop_pips': 30, 'trailing_activation_pips': 30}",-14.441313589572898,173
"{'stop_loss_pips': 31, 'take_profit_pips': 75, 'min_range_pips': 13, 'range_start_minute': 49, 'range_end_minute': 13, 'trailing_stop_pips': 21, 'trailing_activation_pips': 26}",-26.951019635313532,174
"{'stop_loss_pips': 41, 'take_profit_pips': 109, 'min_range_pips': 3, 'range_start_minute': 51, 'range_end_minute': 16, 'trailing_stop_pips': 29, 'trailing_activation_pips': 50}",-14.845737201469714,175
"{'stop_loss_pips': 30, 'take_profit_pips': 117, 'min_range_pips': 9, 'range_start_minute': 54, 'range_end_minute': 10, 'trailing_stop_pips': 11, 'trailing_activation_pips': 29}",-18.364642062478836,176
"{'stop_loss_pips': 41, 'take_profit_pips': 98, 'min_range_pips': 5, 'range_start_minute': 47, 'range_end_minute': 12, 'trailing_stop_pips': 25, 'trailing_activation_pips': 34}",-18.230348109780657,177
"{'stop_loss_pips': 38, 'take_profit_pips': 99, 'min_range_pips': 11, 'range_start_minute': 46, 'range_end_minute': 13, 'trailing_stop_pips': 13, 'trailing_activation_pips': 21}",-18.454366648120942,178
"{'stop_loss_pips': 27, 'take_profit_pips': 130, 'min_range_pips': 10, 'range_start_minute': 48, 'range_end_minute': 18, 'trailing_stop_pips': 25, 'trailing_activation_pips': 40}",-13.812173939518514,179
"{'stop_loss_pips': 46, 'take_profit_pips': 78, 'min_range_pips': 6, 'range_start_minute': 47, 'range_end_minute': 13, 'trailing_stop_pips': 30, 'trailing_activation_pips': 36}",-21.336727722453084,180
"{'stop_loss_pips': 22, 'take_profit_pips': 136, 'min_range_pips': 12, 'range_start_minute': 45, 'range_end_minute': 19, 'trailing_stop_pips': 15, 'trailing_activation_pips': 40}",-15.32853166257988,181
"{'stop_loss_pips': 44, 'take_profit_pips': 140, 'min_range_pips': 8, 'range_start_minute': 55, 'range_end_minute': 15, 'trailing_stop_pips': 13, 'trailing_activation_pips': 35}",-10.364399715015521,182
"{'stop_loss_pips': 45, 'take_profit_pips': 144, 'min_range_pips': 9, 'range_start_minute': 47, 'range_end_minute': 17, 'trailing_stop_pips': 23, 'trailing_activation_pips': 34}",-9.983699605282922,183
"{'stop_loss_pips': 35, 'take_profit_pips': 146, 'min_range_pips': 7, 'range_start_minute': 47, 'range_end_minute': 19, 'trailing_stop_pips': 26, 'trailing_activation_pips': 49}",-11.851346790896255,184
"{'stop_loss_pips': 40, 'take_profit_pips': 116, 'min_range_pips': 6, 'range_start_minute': 49, 'range_end_minute': 16, 'trailing_stop_pips': 22, 'trailing_activation_pips': 27}",-13.8399058365482,185
"{'stop_loss_pips': 37, 'take_profit_pips': 141, 'min_range_pips': 4, 'range_start_minute': 48, 'range_end_minute': 10, 'trailing_stop_pips': 24, 'trailing_activation_pips': 40}",-12.3717904910974,186
"{'stop_loss_pips': 39, 'take_profit_pips': 79, 'min_range_pips': 6, 'range_start_minute': 51, 'range_end_minute': 19, 'trailing_stop_pips': 26, 'trailing_activation_pips': 18}",-21.56237115313016,187
"{'stop_loss_pips': 49, 'take_profit_pips': 128, 'min_range_pips': 6, 'range_start_minute': 53, 'range_end_minute': 16, 'trailing_stop_pips': 29, 'trailing_activation_pips': 21}",-10.914269152233553,188
"{'stop_loss_pips': 49, 'take_profit_pips': 126, 'min_range_pips': 7, 'range_start_minute': 54, 'range_end_minute': 11, 'trailing_stop_pips': 26, 'trailing_activation_pips': 35}",-12.602059807274898,189
"{'stop_loss_pips': 37, 'take_profit_pips': 96, 'min_range_pips': 6, 'range_start_minute': 47, 'range_end_minute': 17, 'trailing_stop_pips': 29, 'trailing_activation_pips': 18}",-18.122526004502923,190
"{'stop_loss_pips': 49, 'take_profit_pips': 113, 'min_range_pips': 5, 'range_start_minute': 50, 'range_end_minute': 11, 'trailing_stop_pips': 16, 'trailing_activation_pips': 18}",-14.392305448838234,191
"{'stop_loss_pips': 38, 'take_profit_pips': 147, 'min_range_pips': 4, 'range_start_minute': 51, 'range_end_minute': 17, 'trailing_stop_pips': 18, 'trailing_activation_pips': 21}",-10.578907186601318,192
"{'stop_loss_pips': 23, 'take_profit_pips': 126, 'min_range_pips': 9, 'range_start_minute': 48, 'range_end_minute': 19, 'trailing_stop_pips': 24, 'trailing_activation_pips': 20}",-16.002493591606626,193
"{'stop_loss_pips': 27, 'take_profit_pips': 116, 'min_range_pips': 5, 'range_start_minute': 48, 'range_end_minute': 14, 'trailing_stop_pips': 15, 'trailing_activation_pips': 28}",-18.090297298185845,194
"{'stop_loss_pips': 43, 'take_profit_pips': 149, 'min_range_pips': 9, 'range_start_minute': 55, 'range_end_minute': 18, 'trailing_stop_pips': 20, 'trailing_activation_pips': 44}",-9.527923450636775,195
"{'stop_loss_pips': 48, 'take_profit_pips': 105, 'min_range_pips': 6, 'range_start_minute': 48, 'range_end_minute': 15, 'trailing_stop_pips': 22, 'trailing_activation_pips': 19}",-14.06305464154399,196
"{'stop_loss_pips': 48, 'take_profit_pips': 130, 'min_range_pips': 10, 'range_start_minute': 55, 'range_end_minute': 13, 'trailing_stop_pips': 29, 'trailing_activation_pips': 22}",-12.644766833770039,197
"{'stop_loss_pips': 44, 'take_profit_pips': 94, 'min_range_pips': 4, 'range_start_minute': 53, 'range_end_minute': 13, 'trailing_stop_pips': 26, 'trailing_activation_pips': 35}",-18.745529237251255,198
"{'stop_loss_pips': 47, 'take_profit_pips': 116, 'min_range_pips': 3, 'range_start_minute': 46, 'range_end_minute': 13, 'trailing_stop_pips': 24, 'trailing_activation_pips': 39}",-13.741154937028305,199
"{'stop_loss_pips': 39, 'take_profit_pips': 128, 'min_range_pips': 11, 'range_start_minute': 52, 'range_end_minute': 16, 'trailing_stop_pips': 26, 'trailing_activation_pips': 20}",-12.42194105389378,200
"{'stop_loss_pips': 49, 'take_profit_pips': 95, 'min_range_pips': 12, 'range_start_minute': 48, 'range_end_minute': 13, 'trailing_stop_pips': 20, 'trailing_activation_pips': 25}",-17.05189241967082,201
"{'stop_loss_pips': 35, 'take_profit_pips': 130, 'min_range_pips': 12, 'range_start_minute': 46, 'range_end_minute': 20, 'trailing_stop_pips': 23, 'trailing_activation_pips': 27}",-13.18952215954638,202
"{'stop_loss_pips': 41, 'take_profit_pips': 85, 'min_range_pips': 13, 'range_start_minute': 48, 'range_end_minute': 18, 'trailing_stop_pips': 21, 'trailing_activation_pips': 43}",-19.764954216254576,203
"{'stop_loss_pips': 40, 'take_profit_pips': 142, 'min_range_pips': 4, 'range_start_minute': 45, 'range_end_minute': 11, 'trailing_stop_pips': 11, 'trailing_activation_pips': 30}",-12.158369343159196,204
"{'stop_loss_pips': 42, 'take_profit_pips': 58, 'min_range_pips': 5, 'range_start_minute': 47, 'range_end_minute': 19, 'trailing_stop_pips': 28, 'trailing_activation_pips': 36}",-27.596991176040827,205
"{'stop_loss_pips': 44, 'take_profit_pips': 145, 'min_range_pips': 5, 'range_start_minute': 52, 'range_end_minute': 16, 'trailing_stop_pips': 24, 'trailing_activation_pips': 32}",-9.988223052463434,206
"{'stop_loss_pips': 23, 'take_profit_pips': 101, 'min_range_pips': 12, 'range_start_minute': 48, 'range_end_minute': 16, 'trailing_stop_pips': 30, 'trailing_activation_pips': 33}",-20.563099147455976,207
"{'stop_loss_pips': 40, 'take_profit_pips': 56, 'min_range_pips': 7, 'range_start_minute': 52, 'range_end_minute': 15, 'trailing_stop_pips': 21, 'trailing_activation_pips': 37}",-29.00186873082517,208
"{'stop_loss_pips': 35, 'take_profit_pips': 131, 'min_range_pips': 5, 'range_start_minute': 47, 'range_end_minute': 11, 'trailing_stop_pips': 16, 'trailing_activation_pips': 47}",-14.195261377629844,209
"{'stop_loss_pips': 49, 'take_profit_pips': 149, 'min_range_pips': 13, 'range_start_minute': 53, 'range_end_minute': 17, 'trailing_stop_pips': 18, 'trailing_activation_pips': 23}",-8.786567703103247,210
"{'stop_loss_pips': 26, 'take_profit_pips': 143, 'min_range_pips': 13, 'range_start_minute': 46, 'range_end_minute': 16, 'trailing_stop_pips': 19, 'trailing_activation_pips': 23}",-12.319054600608455,211
"{'stop_loss_pips': 50, 'take_profit_pips': 104, 'min_range_pips': 7, 'range_start_minute': 53, 'range_end_minute': 14, 'trailing_stop_pips': 24, 'trailing_activation_pips': 40}",-15.872804397548707,212
"{'stop_loss_pips': 32, 'take_profit_pips': 123, 'min_range_pips': 5, 'range_start_minute': 54, 'range_end_minute': 13, 'trailing_stop_pips': 22, 'trailing_activation_pips': 35}",-15.995533271348126,213
"{'stop_loss_pips': 38, 'take_profit_pips': 106, 'min_range_pips': 4, 'range_start_minute': 54, 'range_end_minute': 19, 'trailing_stop_pips': 21, 'trailing_activation_pips': 34}",-16.00006408776265,214
"{'stop_loss_pips': 45, 'take_profit_pips': 138, 'min_range_pips': 6, 'range_start_minute': 49, 'range_end_minute': 15, 'trailing_stop_pips': 12, 'trailing_activation_pips': 42}",-10.604616060599117,215
"{'stop_loss_pips': 44, 'take_profit_pips': 147, 'min_range_pips': 7, 'range_start_minute': 47, 'range_end_minute': 18, 'trailing_stop_pips': 16, 'trailing_activation_pips': 37}",-9.9175755392935,216
"{'stop_loss_pips': 44, 'take_profit_pips': 132, 'min_range_pips': 12, 'range_start_minute': 54, 'range_end_minute': 20, 'trailing_stop_pips': 16, 'trailing_activation_pips': 20}",-10.976629914729092,217
"{'stop_loss_pips': 49, 'take_profit_pips': 129, 'min_range_pips': 14, 'range_start_minute': 51, 'range_end_minute': 15, 'trailing_stop_pips': 12, 'trailing_activation_pips': 29}",-10.796498375513588,218
"{'stop_loss_pips': 48, 'take_profit_pips': 127, 'min_range_pips': 12, 'range_start_minute': 53, 'range_end_minute': 13, 'trailing_stop_pips': 12, 'trailing_activation_pips': 15}",-12.422303206014817,219
"{'stop_loss_pips': 39, 'take_profit_pips': 137, 'min_range_pips': 13, 'range_start_minute': 47, 'range_end_minute': 14, 'trailing_stop_pips': 21, 'trailing_activation_pips': 32}",-12.809934859291195,220
"{'stop_loss_pips': 27, 'take_profit_pips': 125, 'min_range_pips': 12, 'range_start_minute': 47, 'range_end_minute': 20, 'trailing_stop_pips': 24, 'trailing_activation_pips': 49}",-14.780328462244984,221
"{'stop_loss_pips': 34, 'take_profit_pips': 101, 'min_range_pips': 10, 'range_start_minute': 50, 'range_end_minute': 17, 'trailing_stop_pips': 24, 'trailing_activation_pips': 39}",-18.381022681127178,222
"{'stop_loss_pips': 47, 'take_profit_pips': 74, 'min_range_pips': 14, 'range_start_minute': 49, 'range_end_minute': 14, 'trailing_stop_pips': 27, 'trailing_activation_pips': 49}",-22.19830845732646,223
"{'stop_loss_pips': 46, 'take_profit_pips': 135, 'min_range_pips': 12, 'range_start_minute': 50, 'range_end_minute': 20, 'trailing_stop_pips': 26, 'trailing_activation_pips': 20}",-10.24511190917771,224
"{'stop_loss_pips': 34, 'take_profit_pips': 104, 'min_range_pips': 12, 'range_start_minute': 50, 'range_end_minute': 14, 'trailing_stop_pips': 26, 'trailing_activation_pips': 27}",-19.17790276933032,225
"{'stop_loss_pips': 40, 'take_profit_pips': 142, 'min_range_pips': 11, 'range_start_minute': 50, 'range_end_minute': 14, 'trailing_stop_pips': 13, 'trailing_activation_pips': 36}",-12.4424801060131,226
"{'stop_loss_pips': 34, 'take_profit_pips': 85, 'min_range_pips': 7, 'range_start_minute': 51, 'range_end_minute': 19, 'trailing_stop_pips': 12, 'trailing_activation_pips': 17}",-22.0569994474195,227
"{'stop_loss_pips': 43, 'take_profit_pips': 135, 'min_range_pips': 6, 'range_start_minute': 46, 'range_end_minute': 16, 'trailing_stop_pips': 21, 'trailing_activation_pips': 18}",-11.237664883990753,228
"{'stop_loss_pips': 30, 'take_profit_pips': 115, 'min_range_pips': 7, 'range_start_minute': 54, 'range_end_minute': 11, 'trailing_stop_pips': 14, 'trailing_activation_pips': 48}",-18.71432749194636,229
"{'stop_loss_pips': 33, 'take_profit_pips': 125, 'min_range_pips': 14, 'range_start_minute': 47, 'range_end_minute': 18, 'trailing_stop_pips': 29, 'trailing_activation_pips': 49}",-14.24992564437088,230
"{'stop_loss_pips': 38, 'take_profit_pips': 80, 'min_range_pips': 15, 'range_start_minute': 53, 'range_end_minute': 14, 'trailing_stop_pips': 13, 'trailing_activation_pips': 39}",-24.094434393385644,231
"{'stop_loss_pips': 46, 'take_profit_pips': 90, 'min_range_pips': 4, 'range_start_minute': 52, 'range_end_minute': 18, 'trailing_stop_pips': 25, 'trailing_activation_pips': 26}",-17.203624836939134,232
"{'stop_loss_pips': 40, 'take_profit_pips': 103, 'min_range_pips': 11, 'range_start_minute': 53, 'range_end_minute': 12, 'trailing_stop_pips': 19, 'trailing_activation_pips': 17}",-18.100729246689973,233
"{'stop_loss_pips': 46, 'take_profit_pips': 122, 'min_range_pips': 14, 'range_start_minute': 55, 'range_end_minute': 11, 'trailing_stop_pips': 16, 'trailing_activation_pips': 34}",-13.807349354458886,234
"{'stop_loss_pips': 36, 'take_profit_pips': 126, 'min_range_pips': 12, 'range_start_minute': 49, 'range_end_minute': 18, 'trailing_stop_pips': 15, 'trailing_activation_pips': 25}",-13.362544622154372,235
"{'stop_loss_pips': 39, 'take_profit_pips': 67, 'min_range_pips': 14, 'range_start_minute': 55, 'range_end_minute': 13, 'trailing_stop_pips': 21, 'trailing_activation_pips': 24}",-27.17882112595899,236
"{'stop_loss_pips': 50, 'take_profit_pips': 110, 'min_range_pips': 6, 'range_start_minute': 51, 'range_end_minute': 19, 'trailing_stop_pips': 22, 'trailing_activation_pips': 43}",-13.376885692193659,237
"{'stop_loss_pips': 36, 'take_profit_pips': 80, 'min_range_pips': 9, 'range_start_minute': 46, 'range_end_minute': 20, 'trailing_stop_pips': 16, 'trailing_activation_pips': 33}",-21.301012477160835,238
"{'stop_loss_pips': 49, 'take_profit_pips': 132, 'min_range_pips': 9, 'range_start_minute': 46, 'range_end_minute': 17, 'trailing_stop_pips': 16, 'trailing_activation_pips': 45}",-10.455170053807507,239
"{'stop_loss_pips': 44, 'take_profit_pips': 117, 'min_range_pips': 15, 'range_start_minute': 50, 'range_end_minute': 11, 'trailing_stop_pips': 15, 'trailing_activation_pips': 18}",-14.720492967343041,240
"{'stop_loss_pips': 45, 'take_profit_pips': 125, 'min_range_pips': 15, 'range_start_minute': 46, 'range_end_minute': 16, 'trailing_stop_pips': 12, 'trailing_activation_pips': 31}",-12.121123988408486,241
"{'stop_loss_pips': 45, 'take_profit_pips': 116, 'min_range_pips': 7, 'range_start_minute': 47, 'range_end_minute': 16, 'trailing_stop_pips': 17, 'trailing_activation_pips': 34}",-13.334993474261882,242
"{'stop_loss_pips': 38, 'take_profit_pips': 144, 'min_range_pips': 6, 'range_start_minute': 46, 'range_end_minute': 19, 'trailing_stop_pips': 12, 'trailing_activation_pips': 30}",-10.895552930221495,243
"{'stop_loss_pips': 43, 'take_profit_pips': 75, 'min_range_pips': 10, 'range_start_minute': 54, 'range_end_minute': 15, 'trailing_stop_pips': 18, 'trailing_activation_pips': 40}",-21.764959079810616,244
"{'stop_loss_pips': 35, 'take_profit_pips': 132, 'min_range_pips': 9, 'range_start_minute': 49, 'range_end_minute': 14, 'trailing_stop_pips': 19, 'trailing_activation_pips': 46}",-14.06526468135555,245
"{'stop_loss_pips': 32, 'take_profit_pips': 138, 'min_range_pips': 7, 'range_start_minute': 50, 'range_end_minute': 10, 'trailing_stop_pips': 11, 'trailing_activation_pips': 27}",-13.951060404641627,246
"{'stop_loss_pips': 26, 'take_profit_pips': 136, 'min_range_pips': 6, 'range_start_minute': 47, 'range_end_minute': 14, 'trailing_stop_pips': 14, 'trailing_activation_pips': 20}",-14.97466632976161,247
"{'stop_loss_pips': 44, 'take_profit_pips': 141, 'min_range_pips': 11, 'range_start_minute': 48, 'range_end_minute': 16, 'trailing_stop_pips': 13, 'trailing_activation_pips': 21}",-10.521977483274862,248
"{'stop_loss_pips': 47, 'take_profit_pips': 110, 'min_range_pips': 12, 'range_start_minute': 49, 'range_end_minute': 17, 'trailing_stop_pips': 22, 'trailing_activation_pips': 38}",-13.483092949512535,249
"{'stop_loss_pips': 40, 'take_profit_pips': 96, 'min_range_pips': 14, 'range_start_minute': 48, 'range_end_minute': 13, 'trailing_stop_pips': 16, 'trailing_activation_pips': 32}",-18.820469036478464,250
"{'stop_loss_pips': 22, 'take_profit_pips': 136, 'min_range_pips': 14, 'range_start_minute': 45, 'range_end_minute': 13, 'trailing_stop_pips': 15, 'trailing_activation_pips': 40}",-16.96000668498926,251
"{'stop_loss_pips': 46, 'take_profit_pips': 83, 'min_range_pips': 8, 'range_start_minute': 51, 'range_end_minute': 18, 'trailing_stop_pips': 16, 'trailing_activation_pips': 18}",-18.76934037814783,252
"{'stop_loss_pips': 48, 'take_profit_pips': 103, 'min_range_pips': 9, 'range_start_minute': 49, 'range_end_minute': 18, 'trailing_stop_pips': 18, 'trailing_activation_pips': 36}",-14.394529522780246,253
"{'stop_loss_pips': 43, 'take_profit_pips': 136, 'min_range_pips': 7, 'range_start_minute': 46, 'range_end_minute': 19, 'trailing_stop_pips': 15, 'trailing_activation_pips': 49}",-11.12556452917948,254
"{'stop_loss_pips': 42, 'take_profit_pips': 121, 'min_range_pips': 12, 'range_start_minute': 45, 'range_end_minute': 15, 'trailing_stop_pips': 27, 'trailing_activation_pips': 21}",-12.989684432283303,255
"{'stop_loss_pips': 37, 'take_profit_pips': 141, 'min_range_pips': 5, 'range_start_minute': 49, 'range_end_minute': 19, 'trailing_stop_pips': 24, 'trailing_activation_pips': 28}",-11.62966598118861,256
"{'stop_loss_pips': 32, 'take_profit_pips': 101, 'min_range_pips': 9, 'range_start_minute': 45, 'range_end_minute': 11, 'trailing_stop_pips': 21, 'trailing_activation_pips': 46}",-19.115488150819452,257
"{'stop_loss_pips': 48, 'take_profit_pips': 118, 'min_range_pips': 6, 'range_start_minute': 51, 'range_end_minute': 16, 'trailing_stop_pips': 24, 'trailing_activation_pips': 47}",-12.126957331513193,258
"{'stop_loss_pips': 27, 'take_profit_pips': 111, 'min_range_pips': 8, 'range_start_minute': 49, 'range_end_minute': 11, 'trailing_stop_pips': 10, 'trailing_activation_pips': 35}",-18.995396439361997,259
"{'stop_loss_pips': 48, 'take_profit_pips': 96, 'min_range_pips': 15, 'range_start_minute': 46, 'range_end_minute': 16, 'trailing_stop_pips': 13, 'trailing_activation_pips': 18}",-15.638289233364924,260
"{'stop_loss_pips': 48, 'take_profit_pips': 111, 'min_range_pips': 5, 'range_start_minute': 49, 'range_end_minute': 14, 'trailing_stop_pips': 23, 'trailing_activation_pips': 18}",-14.25032916707614,261
"{'stop_loss_pips': 24, 'take_profit_pips': 147, 'min_range_pips': 7, 'range_start_minute': 48, 'range_end_minute': 15, 'trailing_stop_pips': 11, 'trailing_activation_pips': 38}",-13.12229314227492,262
"{'stop_loss_pips': 37, 'take_profit_pips': 149, 'min_range_pips': 9, 'range_start_minute': 51, 'range_end_minute': 20, 'trailing_stop_pips': 12, 'trailing_activation_pips': 37}",-10.27661707601755,263
"{'stop_loss_pips': 27, 'take_profit_pips': 137, 'min_range_pips': 11, 'range_start_minute': 48, 'range_end_minute': 14, 'trailing_stop_pips': 18, 'trailing_activation_pips': 46}",-14.933858221168382,264
"{'stop_loss_pips': 44, 'take_profit_pips': 111, 'min_range_pips': 12, 'range_start_minute': 55, 'range_end_minute': 18, 'trailing_stop_pips': 25, 'trailing_activation_pips': 34}",-13.981714475936844,265
"{'stop_loss_pips': 39, 'take_profit_pips': 105, 'min_range_pips': 12, 'range_start_minute': 46, 'range_end_minute': 15, 'trailing_stop_pips': 16, 'trailing_activation_pips': 25}",-15.849432372653515,266
"{'stop_loss_pips': 48, 'take_profit_pips': 114, 'min_range_pips': 10, 'range_start_minute': 50, 'range_end_minute': 14, 'trailing_stop_pips': 22, 'trailing_activation_pips': 44}",-14.193387032372762,267
"{'stop_loss_pips': 24, 'take_profit_pips': 94, 'min_range_pips': 4, 'range_start_minute': 46, 'range_end_minute': 17, 'trailing_stop_pips': 26, 'trailing_activation_pips': 43}",-21.989825956758768,268
"{'stop_loss_pips': 46, 'take_profit_pips': 103, 'min_range_pips': 4, 'range_start_minute': 54, 'range_end_minute': 14, 'trailing_stop_pips': 28, 'trailing_activation_pips': 32}",-16.247241055909264,269
"{'stop_loss_pips': 41, 'take_profit_pips': 130, 'min_range_pips': 8, 'range_start_minute': 46, 'range_end_minute': 16, 'trailing_stop_pips': 26, 'trailing_activation_pips': 40}",-12.283869263729313,270
"{'stop_loss_pips': 49, 'take_profit_pips': 118, 'min_range_pips': 13, 'range_start_minute': 47, 'range_end_minute': 16, 'trailing_stop_pips': 14, 'trailing_activation_pips': 25}",-12.183364031128479,271
"{'stop_loss_pips': 23, 'take_profit_pips': 133, 'min_range_pips': 12, 'range_start_minute': 50, 'range_end_minute': 13, 'trailing_stop_pips': 23, 'trailing_activation_pips': 42}",-17.550551970669673,272
"{'stop_loss_pips': 39, 'take_profit_pips': 150, 'min_range_pips': 12, 'range_start_minute': 52, 'range_end_minute': 16, 'trailing_stop_pips': 15, 'trailing_activation_pips': 35}",-10.011226808542622,273
"{'stop_loss_pips': 49, 'take_profit_pips': 150, 'min_range_pips': 4, 'range_start_minute': 47, 'range_end_minute': 12, 'trailing_stop_pips': 22, 'trailing_activation_pips': 24}",-9.690306938929382,274
"{'stop_loss_pips': 38, 'take_profit_pips': 113, 'min_range_pips': 9, 'range_start_minute': 46, 'range_end_minute': 14, 'trailing_stop_pips': 18, 'trailing_activation_pips': 16}",-15.926987450717707,275
"{'stop_loss_pips': 24, 'take_profit_pips': 81, 'min_range_pips': 5, 'range_start_minute': 49, 'range_end_minute': 14, 'trailing_stop_pips': 18, 'trailing_activation_pips': 31}",-28.098978446196124,276
"{'stop_loss_pips': 23, 'take_profit_pips': 138, 'min_range_pips': 4, 'range_start_minute': 46, 'range_end_minute': 12, 'trailing_stop_pips': 27, 'trailing_activation_pips': 29}",-15.815301905147871,277
"{'stop_loss_pips': 34, 'take_profit_pips': 123, 'min_range_pips': 4, 'range_start_minute': 53, 'range_end_minute': 15, 'trailing_stop_pips': 25, 'trailing_activation_pips': 34}",-14.659450583455488,278
"{'stop_loss_pips': 35, 'take_profit_pips': 123, 'min_range_pips': 8, 'range_start_minute': 53, 'range_end_minute': 12, 'trailing_stop_pips': 21, 'trailing_activation_pips': 27}",-15.99116056097671,279
"{'stop_loss_pips': 47, 'take_profit_pips': 131, 'min_range_pips': 7, 'range_start_minute': 53, 'range_end_minute': 17, 'trailing_stop_pips': 19, 'trailing_activation_pips': 21}",-10.582458606513537,280
"{'stop_loss_pips': 26, 'take_profit_pips': 139, 'min_range_pips': 11, 'range_start_minute': 53, 'range_end_minute': 19, 'trailing_stop_pips': 30, 'trailing_activation_pips': 25}",-12.82574462185783,281
"{'stop_loss_pips': 50, 'take_profit_pips': 117, 'min_range_pips': 10, 'range_start_minute': 46, 'range_end_minute': 18, 'trailing_stop_pips': 13, 'trailing_activation_pips': 47}",-12.372730338367429,282
"{'stop_loss_pips': 32, 'take_profit_pips': 52, 'min_range_pips': 5, 'range_start_minute': 52, 'range_end_minute': 16, 'trailing_stop_pips': 27, 'trailing_activation_pips': 16}",-34.59406759130963,283
"{'stop_loss_pips': 47, 'take_profit_pips': 140, 'min_range_pips': 11, 'range_start_minute': 50, 'range_end_minute': 13, 'trailing_stop_pips': 25, 'trailing_activation_pips': 37}",-11.009561152739364,284
"{'stop_loss_pips': 48, 'take_profit_pips': 138, 'min_range_pips': 4, 'range_start_minute': 49, 'range_end_minute': 19, 'trailing_stop_pips': 12, 'trailing_activation_pips': 23}",-9.748189021721942,285
"{'stop_loss_pips': 28, 'take_profit_pips': 116, 'min_range_pips': 7, 'range_start_minute': 49, 'range_end_minute': 15, 'trailing_stop_pips': 16, 'trailing_activation_pips': 33}",-15.950401520584798,286
"{'stop_loss_pips': 35, 'take_profit_pips': 131, 'min_range_pips': 12, 'range_start_minute': 52, 'range_end_minute': 12, 'trailing_stop_pips': 22, 'trailing_activation_pips': 32}",-14.861123474428268,287
"{'stop_loss_pips': 49, 'take_profit_pips': 104, 'min_range_pips': 10, 'range_start_minute': 49, 'range_end_minute': 15, 'trailing_stop_pips': 12, 'trailing_activation_pips': 32}",-14.277344112304124,288
"{'stop_loss_pips': 46, 'take_profit_pips': 140, 'min_range_pips': 7, 'range_start_minute': 54, 'range_end_minute': 20, 'trailing_stop_pips': 17, 'trailing_activation_pips': 28}",-9.716855649002317,289
"{'stop_loss_pips': 39, 'take_profit_pips': 137, 'min_range_pips': 13, 'range_start_minute': 51, 'range_end_minute': 14, 'trailing_stop_pips': 10, 'trailing_activation_pips': 39}",-13.105245137335421,290
"{'stop_loss_pips': 44, 'take_profit_pips': 135, 'min_range_pips': 14, 'range_start_minute': 53, 'range_end_minute': 15, 'trailing_stop_pips': 19, 'trailing_activation_pips': 43}",-11.04339909074233,291
"{'stop_loss_pips': 28, 'take_profit_pips': 133, 'min_range_pips': 6, 'range_start_minute': 51, 'range_end_minute': 15, 'trailing_stop_pips': 24, 'trailing_activation_pips': 49}",-13.554487699534661,292
"{'stop_loss_pips': 20, 'take_profit_pips': 109, 'min_range_pips': 13, 'range_start_minute': 52, 'range_end_minute': 17, 'trailing_stop_pips': 23, 'trailing_activation_pips': 15}",-21.3529542907276,293
"{'stop_loss_pips': 46, 'take_profit_pips': 127, 'min_range_pips': 12, 'range_start_minute': 46, 'range_end_minute': 10, 'trailing_stop_pips': 28, 'trailing_activation_pips': 28}",-12.405139633577503,294
"{'stop_loss_pips': 44, 'take_profit_pips': 81, 'min_range_pips': 9, 'range_start_minute': 49, 'range_end_minute': 19, 'trailing_stop_pips': 11, 'trailing_activation_pips': 41}",-20.319138762700156,295
"{'stop_loss_pips': 40, 'take_profit_pips': 136, 'min_range_pips': 5, 'range_start_minute': 49, 'range_end_minute': 19, 'trailing_stop_pips': 17, 'trailing_activation_pips': 45}",-11.511447211728534,296
"{'stop_loss_pips': 46, 'take_profit_pips': 79, 'min_range_pips': 5, 'range_start_minute': 49, 'range_end_minute': 12, 'trailing_stop_pips': 26, 'trailing_activation_pips': 20}",-21.07567342426896,297
"{'stop_loss_pips': 31, 'take_profit_pips': 134, 'min_range_pips': 11, 'range_start_minute': 54, 'range_end_minute': 20, 'trailing_stop_pips': 17, 'trailing_activation_pips': 28}",-12.83610176168495,298
"{'stop_loss_pips': 22, 'take_profit_pips': 141, 'min_range_pips': 14, 'range_start_minute': 54, 'range_end_minute': 17, 'trailing_stop_pips': 22, 'trailing_activation_pips': 43}",-14.726889036975141,299
"{'stop_loss_pips': 47, 'take_profit_pips': 133, 'min_range_pips': 14, 'range_start_minute': 53, 'range_end_minute': 16, 'trailing_stop_pips': 27, 'trailing_activation_pips': 27}",-10.356224924337635,300
"{'stop_loss_pips': 50, 'take_profit_pips': 146, 'min_range_pips': 4, 'range_start_minute': 45, 'range_end_minute': 19, 'trailing_stop_pips': 26, 'trailing_activation_pips': 39}",-9.06165367607244,301
"{'stop_loss_pips': 47, 'take_profit_pips': 149, 'min_range_pips': 12, 'range_start_minute': 52, 'range_end_minute': 20, 'trailing_stop_pips': 11, 'trailing_activation_pips': 31}",-8.696098030888818,302
"{'stop_loss_pips': 40, 'take_profit_pips': 133, 'min_range_pips': 6, 'range_start_minute': 54, 'range_end_minute': 20, 'trailing_stop_pips': 29, 'trailing_activation_pips': 33}",-11.272302481343484,303
"{'stop_loss_pips': 26, 'take_profit_pips': 146, 'min_range_pips': 14, 'range_start_minute': 45, 'range_end_minute': 18, 'trailing_stop_pips': 10, 'trailing_activation_pips': 32}",-11.989405004524738,304
"{'stop_loss_pips': 34, 'take_profit_pips': 121, 'min_range_pips': 7, 'range_start_minute': 49, 'range_end_minute': 15, 'trailing_stop_pips': 25, 'trailing_activation_pips': 20}",-14.896944606243,305
"{'stop_loss_pips': 33, 'take_profit_pips': 83, 'min_range_pips': 14, 'range_start_minute': 50, 'range_end_minute': 16, 'trailing_stop_pips': 25, 'trailing_activation_pips': 24}",-22.542127898021675,306
"{'stop_loss_pips': 45, 'take_profit_pips': 116, 'min_range_pips': 10, 'range_start_minute': 48, 'range_end_minute': 20, 'trailing_stop_pips': 29, 'trailing_activation_pips': 20}",-12.798280194911928,307
"{'stop_loss_pips': 36, 'take_profit_pips': 80, 'min_range_pips': 5, 'range_start_minute': 47, 'range_end_minute': 20, 'trailing_stop_pips': 16, 'trailing_activation_pips': 30}",-21.301012477160835,308
"{'stop_loss_pips': 33, 'take_profit_pips': 145, 'min_range_pips': 13, 'range_start_minute': 52, 'range_end_minute': 17, 'trailing_stop_pips': 22, 'trailing_activation_pips': 45}",-11.856328014496425,309
"{'stop_loss_pips': 47, 'take_profit_pips': 133, 'min_range_pips': 12, 'range_start_minute': 55, 'range_end_minute': 14, 'trailing_stop_pips': 15, 'trailing_activation_pips': 27}",-12.385296144739904,310
"{'stop_loss_pips': 37, 'take_profit_pips': 142, 'min_range_pips': 12, 'range_start_minute': 47, 'range_end_minute': 16, 'trailing_stop_pips': 14, 'trailing_activation_pips': 31}",-11.521269963854557,311
"{'stop_loss_pips': 45, 'take_profit_pips': 129, 'min_range_pips': 10, 'range_start_minute': 48, 'range_end_minute': 11, 'trailing_stop_pips': 15, 'trailing_activation_pips': 43}",-12.52655767905325,312
"{'stop_loss_pips': 38, 'take_profit_pips': 139, 'min_range_pips': 10, 'range_start_minute': 48, 'range_end_minute': 12, 'trailing_stop_pips': 11, 'trailing_activation_pips': 30}",-12.670354130018186,313
"{'stop_loss_pips': 46, 'take_profit_pips': 102, 'min_range_pips': 5, 'range_start_minute': 54, 'range_end_minute': 14, 'trailing_stop_pips': 18, 'trailing_activation_pips': 34}",-16.42432665657118,314
"{'stop_loss_pips': 35, 'take_profit_pips': 146, 'min_range_pips': 9, 'range_start_minute': 50, 'range_end_minute': 18, 'trailing_stop_pips': 15, 'trailing_activation_pips': 46}",-11.899098976099513,315
"{'stop_loss_pips': 28, 'take_profit_pips': 138, 'min_range_pips': 9, 'range_start_minute': 52, 'range_end_minute': 15, 'trailing_stop_pips': 17, 'trailing_activation_pips': 16}",-12.937606939306018,316
"{'stop_loss_pips': 31, 'take_profit_pips': 136, 'min_range_pips': 9, 'range_start_minute': 54, 'range_end_minute': 14, 'trailing_stop_pips': 17, 'trailing_activation_pips': 22}",-14.976389101283099,317
"{'stop_loss_pips': 44, 'take_profit_pips': 62, 'min_range_pips': 14, 'range_start_minute': 48, 'range_end_minute': 16, 'trailing_stop_pips': 19, 'trailing_activation_pips': 40}",-25.89548140758218,318
"{'stop_loss_pips': 46, 'take_profit_pips': 143, 'min_range_pips': 14, 'range_start_minute': 55, 'range_end_minute': 17, 'trailing_stop_pips': 17, 'trailing_activation_pips': 26}",-9.987839616064779,319
"{'stop_loss_pips': 46, 'take_profit_pips': 58, 'min_range_pips': 13, 'range_start_minute': 48, 'range_end_minute': 13, 'trailing_stop_pips': 29, 'trailing_activation_pips': 17}",-27.38496818837372,320
"{'stop_loss_pips': 22, 'take_profit_pips': 133, 'min_range_pips': 11, 'range_start_minute': 55, 'range_end_minute': 19, 'trailing_stop_pips': 15, 'trailing_activation_pips': 49}",-15.828217754628662,321
"{'stop_loss_pips': 34, 'take_profit_pips': 66, 'min_range_pips': 8, 'range_start_minute': 55, 'range_end_minute': 14, 'trailing_stop_pips': 14, 'trailing_activation_pips': 46}",-29.94375881088318,322
"{'stop_loss_pips': 47, 'take_profit_pips': 111, 'min_range_pips': 12, 'range_start_minute': 47, 'range_end_minute': 11, 'trailing_stop_pips': 18, 'trailing_activation_pips': 34}",-14.488011785443806,323
"{'stop_loss_pips': 41, 'take_profit_pips': 124, 'min_range_pips': 10, 'range_start_minute': 53, 'range_end_minute': 15, 'trailing_stop_pips': 22, 'trailing_activation_pips': 49}",-12.653745295410875,324
"{'stop_loss_pips': 40, 'take_profit_pips': 121, 'min_range_pips': 13, 'range_start_minute': 45, 'range_end_minute': 16, 'trailing_stop_pips': 30, 'trailing_activation_pips': 22}",-13.128620158930755,325
"{'stop_loss_pips': 49, 'take_profit_pips': 110, 'min_range_pips': 5, 'range_start_minute': 54, 'range_end_minute': 17, 'trailing_stop_pips': 15, 'trailing_activation_pips': 39}",-13.32570452040038,326
"{'stop_loss_pips': 44, 'take_profit_pips': 137, 'min_range_pips': 6, 'range_start_minute': 50, 'range_end_minute': 13, 'trailing_stop_pips': 26, 'trailing_activation_pips': 34}",-12.119258353869654,327
"{'stop_loss_pips': 36, 'take_profit_pips': 128, 'min_range_pips': 6, 'range_start_minute': 53, 'range_end_minute': 18, 'trailing_stop_pips': 25, 'trailing_activation_pips': 23}",-13.151675940407982,328
"{'stop_loss_pips': 49, 'take_profit_pips': 126, 'min_range_pips': 12, 'range_start_minute': 48, 'range_end_minute': 11, 'trailing_stop_pips': 26, 'trailing_activation_pips': 35}",-12.2255806687869,329
"{'stop_loss_pips': 40, 'take_profit_pips': 140, 'min_range_pips': 15, 'range_start_minute': 53, 'range_end_minute': 15, 'trailing_stop_pips': 16, 'trailing_activation_pips': 42}",-10.816975471562918,330
"{'stop_loss_pips': 35, 'take_profit_pips': 112, 'min_range_pips': 5, 'range_start_minute': 49, 'range_end_minute': 18, 'trailing_stop_pips': 21, 'trailing_activation_pips': 24}",-16.382582989184634,331
"{'stop_loss_pips': 44, 'take_profit_pips': 147, 'min_range_pips': 4, 'range_start_minute': 51, 'range_end_minute': 17, 'trailing_stop_pips': 29, 'trailing_activation_pips': 21}",-9.792000098562301,332
"{'stop_loss_pips': 25, 'take_profit_pips': 149, 'min_range_pips': 12, 'range_start_minute': 51, 'range_end_minute': 14, 'trailing_stop_pips': 30, 'trailing_activation_pips': 25}",-15.5972041508287,333
"{'stop_loss_pips': 26, 'take_profit_pips': 115, 'min_range_pips': 6, 'range_start_minute': 48, 'range_end_minute': 18, 'trailing_stop_pips': 11, 'trailing_activation_pips': 46}",-16.137333909593472,334
"{'stop_loss_pips': 43, 'take_profit_pips': 144, 'min_range_pips': 10, 'range_start_minute': 55, 'range_end_minute': 16, 'trailing_stop_pips': 18, 'trailing_activation_pips': 47}",-10.014902868204453,335
"{'stop_loss_pips': 48, 'take_profit_pips': 60, 'min_range_pips': 11, 'range_start_minute': 48, 'range_end_minute': 12, 'trailing_stop_pips': 22, 'trailing_activation_pips': 38}",-26.14099816013424,336
"{'stop_loss_pips': 42, 'take_profit_pips': 129, 'min_range_pips': 10, 'range_start_minute': 49, 'range_end_minute': 20, 'trailing_stop_pips': 16, 'trailing_activation_pips': 40}",-11.768050501626524,337
"{'stop_loss_pips': 46, 'take_profit_pips': 79, 'min_range_pips': 3, 'range_start_minute': 48, 'range_end_minute': 19, 'trailing_stop_pips': 27, 'trailing_activation_pips': 35}",-19.903100905005857,338
"{'stop_loss_pips': 38, 'take_profit_pips': 109, 'min_range_pips': 12, 'range_start_minute': 54, 'range_end_minute': 19, 'trailing_stop_pips': 24, 'trailing_activation_pips': 23}",-15.487527186736141,339
"{'stop_loss_pips': 42, 'take_profit_pips': 78, 'min_range_pips': 14, 'range_start_minute': 47, 'range_end_minute': 19, 'trailing_stop_pips': 16, 'trailing_activation_pips': 40}",-21.292361908083944,340
"{'stop_loss_pips': 49, 'take_profit_pips': 118, 'min_range_pips': 15, 'range_start_minute': 52, 'range_end_minute': 16, 'trailing_stop_pips': 14, 'trailing_activation_pips': 44}",-12.180751696832317,341
"{'stop_loss_pips': 46, 'take_profit_pips': 81, 'min_range_pips': 12, 'range_start_minute': 53, 'range_end_minute': 11, 'trailing_stop_pips': 11, 'trailing_activation_pips': 48}",-20.85515756243203,342
"{'stop_loss_pips': 34, 'take_profit_pips': 147, 'min_range_pips': 12, 'range_start_minute': 54, 'range_end_minute': 16, 'trailing_stop_pips': 12, 'trailing_activation_pips': 34}",-11.719306233815495,343
"{'stop_loss_pips': 49, 'take_profit_pips': 149, 'min_range_pips': 10, 'range_start_minute': 47, 'range_end_minute': 14, 'trailing_stop_pips': 11, 'trailing_activation_pips': 29}",-9.785019500618146,344
"{'stop_loss_pips': 23, 'take_profit_pips': 113, 'min_range_pips': 7, 'range_start_minute': 47, 'range_end_minute': 13, 'trailing_stop_pips': 24, 'trailing_activation_pips': 31}",-19.829558281026735,345
"{'stop_loss_pips': 31, 'take_profit_pips': 143, 'min_range_pips': 5, 'range_start_minute': 52, 'range_end_minute': 16, 'trailing_stop_pips': 24, 'trailing_activation_pips': 32}",-12.109062989981913,346
"{'stop_loss_pips': 30, 'take_profit_pips': 138, 'min_range_pips': 8, 'range_start_minute': 54, 'range_end_minute': 15, 'trailing_stop_pips': 27, 'trailing_activation_pips': 36}",-12.912753187571823,347
"{'stop_loss_pips': 36, 'take_profit_pips': 123, 'min_range_pips': 7, 'range_start_minute': 48, 'range_end_minute': 17, 'trailing_stop_pips': 24, 'trailing_activation_pips': 30}",-13.76897181667636,348
"{'stop_loss_pips': 34, 'take_profit_pips': 122, 'min_range_pips': 5, 'range_start_minute': 53, 'range_end_minute': 17, 'trailing_stop_pips': 28, 'trailing_activation_pips': 30}",-14.803625868812977,349
"{'stop_loss_pips': 35, 'take_profit_pips': 121, 'min_range_pips': 12, 'range_start_minute': 52, 'range_end_minute': 20, 'trailing_stop_pips': 14, 'trailing_activation_pips': 45}",-14.510854241176048,350
"{'stop_loss_pips': 42, 'take_profit_pips': 133, 'min_range_pips': 13, 'range_start_minute': 46, 'range_end_minute': 20, 'trailing_stop_pips': 22, 'trailing_activation_pips': 38}",-11.295765127356072,351
"{'stop_loss_pips': 41, 'take_profit_pips': 117, 'min_range_pips': 14, 'range_start_minute': 46, 'range_end_minute': 15, 'trailing_stop_pips': 24, 'trailing_activation_pips': 29}",-13.757673918254003,352
"{'stop_loss_pips': 32, 'take_profit_pips': 136, 'min_range_pips': 10, 'range_start_minute': 54, 'range_end_minute': 19, 'trailing_stop_pips': 13, 'trailing_activation_pips': 44}",-12.995456917815092,353
"{'stop_loss_pips': 47, 'take_profit_pips': 146, 'min_range_pips': 13, 'range_start_minute': 53, 'range_end_minute': 17, 'trailing_stop_pips': 19, 'trailing_activation_pips': 40}",-9.01411195211095,354
"{'stop_loss_pips': 40, 'take_profit_pips': 137, 'min_range_pips': 11, 'range_start_minute': 46, 'range_end_minute': 17, 'trailing_stop_pips': 30, 'trailing_activation_pips': 23}",-11.398890001255845,355
"{'stop_loss_pips': 44, 'take_profit_pips': 125, 'min_range_pips': 12, 'range_start_minute': 46, 'range_end_minute': 18, 'trailing_stop_pips': 10, 'trailing_activation_pips': 30}",-12.371708168814852,356
"{'stop_loss_pips': 35, 'take_profit_pips': 106, 'min_range_pips': 9, 'range_start_minute': 51, 'range_end_minute': 18, 'trailing_stop_pips': 24, 'trailing_activation_pips': 40}",-17.491990224690877,357
"{'stop_loss_pips': 42, 'take_profit_pips': 147, 'min_range_pips': 14, 'range_start_minute': 47, 'range_end_minute': 17, 'trailing_stop_pips': 21, 'trailing_activation_pips': 23}",-10.227525286976848,358
"{'stop_loss_pips': 44, 'take_profit_pips': 124, 'min_range_pips': 11, 'range_start_minute': 54, 'range_end_minute': 18, 'trailing_stop_pips': 29, 'trailing_activation_pips': 43}",-12.368359839431395,359
"{'stop_loss_pips': 48, 'take_profit_pips': 137, 'min_range_pips': 5, 'range_start_minute': 47, 'range_end_minute': 19, 'trailing_stop_pips': 21, 'trailing_activation_pips': 23}",-9.85342842439134,360
"{'stop_loss_pips': 41, 'take_profit_pips': 148, 'min_range_pips': 14, 'range_start_minute': 47, 'range_end_minute': 15, 'trailing_stop_pips': 16, 'trailing_activation_pips': 36}",-10.313961142422407,361
"{'stop_loss_pips': 38, 'take_profit_pips': 147, 'min_range_pips': 6, 'range_start_minute': 45, 'range_end_minute': 19, 'trailing_stop_pips': 17, 'trailing_activation_pips': 37}",-10.590672156098895,362
"{'stop_loss_pips': 48, 'take_profit_pips': 146, 'min_range_pips': 13, 'range_start_minute': 54, 'range_end_minute': 18, 'trailing_stop_pips': 24, 'trailing_activation_pips': 25}",-8.946435902857614,363
"{'stop_loss_pips': 45, 'take_profit_pips': 130, 'min_range_pips': 10, 'range_start_minute': 50, 'range_end_minute': 19, 'trailing_stop_pips': 26, 'trailing_activation_pips': 20}",-11.1417374861086,364
"{'stop_loss_pips': 32, 'take_profit_pips': 139, 'min_range_pips': 12, 'range_start_minute': 48, 'range_end_minute': 17, 'trailing_stop_pips': 11, 'trailing_activation_pips': 37}",-12.591519737491751,365
"{'stop_loss_pips': 40, 'take_profit_pips': 55, 'min_range_pips': 5, 'range_start_minute': 49, 'range_end_minute': 17, 'trailing_stop_pips': 17, 'trailing_activation_pips': 20}",-29.37673125137892,366
"{'stop_loss_pips': 48, 'take_profit_pips': 78, 'min_range_pips': 11, 'range_start_minute': 51, 'range_end_minute': 16, 'trailing_stop_pips': 17, 'trailing_activation_pips': 35}",-19.5721863624019,367
"{'stop_loss_pips': 46, 'take_profit_pips': 110, 'min_range_pips': 14, 'range_start_minute': 54, 'range_end_minute': 18, 'trailing_stop_pips': 23, 'trailing_activation_pips': 40}",-13.60475321531645,368
"{'stop_loss_pips': 30, 'take_profit_pips': 118, 'min_range_pips': 9, 'range_start_minute': 45, 'range_end_minute': 11, 'trailing_stop_pips': 12, 'trailing_activation_pips': 20}",-17.35742541645745,369
"{'stop_loss_pips': 47, 'take_profit_pips': 138, 'min_range_pips': 7, 'range_start_minute': 46, 'range_end_minute': 19, 'trailing_stop_pips': 13, 'trailing_activation_pips': 27}",-9.931699364105233,370
"{'stop_loss_pips': 41, 'take_profit_pips': 65, 'min_range_pips': 9, 'range_start_minute': 46, 'range_end_minute': 16, 'trailing_stop_pips': 18, 'trailing_activation_pips': 45}",-25.52026008870623,371
"{'stop_loss_pips': 49, 'take_profit_pips': 149, 'min_range_pips': 13, 'range_start_minute': 51, 'range_end_minute': 16, 'trailing_stop_pips': 25, 'trailing_activation_pips': 25}",-8.786567703103247,372
"{'stop_loss_pips': 40, 'take_profit_pips': 132, 'min_range_pips': 11, 'range_start_minute': 49, 'range_end_minute': 20, 'trailing_stop_pips': 25, 'trailing_activation_pips': 25}",-11.533943404384718,373
"{'stop_loss_pips': 45, 'take_profit_pips': 77, 'min_range_pips': 14, 'range_start_minute': 45, 'range_end_minute': 17, 'trailing_stop_pips': 15, 'trailing_activation_pips': 50}",-21.032411520010083,374
"{'stop_loss_pips': 25, 'take_profit_pips': 136, 'min_range_pips': 5, 'range_start_minute': 46, 'range_end_minute': 12, 'trailing_stop_pips': 14, 'trailing_activation_pips': 29}",-16.281025503218064,375
"{'stop_loss_pips': 33, 'take_profit_pips': 131, 'min_range_pips': 6, 'range_start_minute': 54, 'range_end_minute': 19, 'trailing_stop_pips': 24, 'trailing_activation_pips': 46}",-13.49931042924429,376
"{'stop_loss_pips': 50, 'take_profit_pips': 125, 'min_range_pips': 6, 'range_start_minute': 48, 'range_end_minute': 13, 'trailing_stop_pips': 30, 'trailing_activation_pips': 48}",-12.405531931154101,377
"{'stop_loss_pips': 36, 'take_profit_pips': 140, 'min_range_pips': 15, 'range_start_minute': 47, 'range_end_minute': 19, 'trailing_stop_pips': 26, 'trailing_activation_pips': 32}",-11.668162581300605,378
"{'stop_loss_pips': 49, 'take_profit_pips': 113, 'min_range_pips': 7, 'range_start_minute': 48, 'range_end_minute': 15, 'trailing_stop_pips': 16, 'trailing_activation_pips': 49}",-12.883731045807457,379
"{'stop_loss_pips': 43, 'take_profit_pips': 147, 'min_range_pips': 12, 'range_start_minute': 52, 'range_end_minute': 16, 'trailing_stop_pips': 11, 'trailing_activation_pips': 18}",-9.852946922662591,380
"{'stop_loss_pips': 37, 'take_profit_pips': 144, 'min_range_pips': 12, 'range_start_minute': 47, 'range_end_minute': 16, 'trailing_stop_pips': 16, 'trailing_activation_pips': 31}",-11.30845535080959,381
"{'stop_loss_pips': 49, 'take_profit_pips': 105, 'min_range_pips': 4, 'range_start_minute': 47, 'range_end_minute': 19, 'trailing_stop_pips': 14, 'trailing_activation_pips': 28}",-14.113261800638908,382
"{'stop_loss_pips': 45, 'take_profit_pips': 83, 'min_range_pips': 13, 'range_start_minute': 46, 'range_end_minute': 11, 'trailing_stop_pips': 12, 'trailing_activation_pips': 19}",-20.55548759325383,383
"{'stop_loss_pips': 48, 'take_profit_pips': 101, 'min_range_pips': 14, 'range_start_minute': 50, 'range_end_minute': 13, 'trailing_stop_pips': 24, 'trailing_activation_pips': 30}",-16.306650200094474,384
"{'stop_loss_pips': 35, 'take_profit_pips': 146, 'min_range_pips': 13, 'range_start_minute': 50, 'range_end_minute': 16, 'trailing_stop_pips': 20, 'trailing_activation_pips': 28}",-11.899098976099513,385
"{'stop_loss_pips': 28, 'take_profit_pips': 147, 'min_range_pips': 14, 'range_start_minute': 52, 'range_end_minute': 15, 'trailing_stop_pips': 25, 'trailing_activation_pips': 33}",-11.923262442297066,386
"{'stop_loss_pips': 41, 'take_profit_pips': 75, 'min_range_pips': 14, 'range_start_minute': 48, 'range_end_minute': 19, 'trailing_stop_pips': 17, 'trailing_activation_pips': 17}",-22.427912842970596,387
"{'stop_loss_pips': 23, 'take_profit_pips': 149, 'min_range_pips': 14, 'range_start_minute': 52, 'range_end_minute': 14, 'trailing_stop_pips': 16, 'trailing_activation_pips': 25}",-15.400972748076688,388
"{'stop_loss_pips': 46, 'take_profit_pips': 76, 'min_range_pips': 9, 'range_start_minute': 50, 'range_end_minute': 19, 'trailing_stop_pips': 26, 'trailing_activation_pips': 26}",-20.54312977249345,389
"{'stop_loss_pips': 33, 'take_profit_pips': 133, 'min_range_pips': 14, 'range_start_minute': 48, 'range_end_minute': 13, 'trailing_stop_pips': 14, 'trailing_activation_pips': 35}",-13.786350979869196,390
"{'stop_loss_pips': 24, 'take_profit_pips': 149, 'min_range_pips': 3, 'range_start_minute': 52, 'range_end_minute': 19, 'trailing_stop_pips': 26, 'trailing_activation_pips': 38}",-12.94646723309024,391
"{'stop_loss_pips': 44, 'take_profit_pips': 140, 'min_range_pips': 8, 'range_start_minute': 55, 'range_end_minute': 18, 'trailing_stop_pips': 28, 'trailing_activation_pips': 35}",-10.364399715015521,392
"{'stop_loss_pips': 36, 'take_profit_pips': 144, 'min_range_pips': 6, 'range_start_minute': 46, 'range_end_minute': 18, 'trailing_stop_pips': 23, 'trailing_activation_pips': 38}",-11.237482283891577,393
"{'stop_loss_pips': 36, 'take_profit_pips': 136, 'min_range_pips': 11, 'range_start_minute': 46, 'range_end_minute': 16, 'trailing_stop_pips': 15, 'trailing_activation_pips': 31}",-12.121079363936488,394
"{'stop_loss_pips': 48, 'take_profit_pips': 121, 'min_range_pips': 12, 'range_start_minute': 53, 'range_end_minute': 15, 'trailing_stop_pips': 11, 'trailing_activation_pips': 21}",-11.728639172997395,395
"{'stop_loss_pips': 34, 'take_profit_pips': 138, 'min_range_pips': 6, 'range_start_minute': 50, 'range_end_minute': 13, 'trailing_stop_pips': 24, 'trailing_activation_pips': 45}",-13.889268030113259,396
"{'stop_loss_pips': 21, 'take_profit_pips': 140, 'min_range_pips': 6, 'range_start_minute': 53, 'range_end_minute': 13, 'trailing_stop_pips': 18, 'trailing_activation_pips': 23}",-16.352019201365405,397
"{'stop_loss_pips': 49, 'take_profit_pips': 137, 'min_range_pips': 3, 'range_start_minute': 50, 'range_end_minute': 12, 'trailing_stop_pips': 29, 'trailing_activation_pips': 38}",-11.300727972837727,398
"{'stop_loss_pips': 31, 'take_profit_pips': 126, 'min_range_pips': 9, 'range_start_minute': 53, 'range_end_minute': 18, 'trailing_stop_pips': 11, 'trailing_activation_pips': 35}",-14.209688144336647,399
"{'stop_loss_pips': 37, 'take_profit_pips': 99, 'min_range_pips': 7, 'range_start_minute': 48, 'range_end_minute': 15, 'trailing_stop_pips': 11, 'trailing_activation_pips': 34}",-17.514954930848575,400
"{'stop_loss_pips': 43, 'take_profit_pips': 112, 'min_range_pips': 8, 'range_start_minute': 51, 'range_end_minute': 14, 'trailing_stop_pips': 11, 'trailing_activation_pips': 22}",-15.58250019525586,401
"{'stop_loss_pips': 45, 'take_profit_pips': 147, 'min_range_pips': 4, 'range_start_minute': 53, 'range_end_minute': 17, 'trailing_stop_pips': 29, 'trailing_activation_pips': 21}",-9.340159451645478,402
"{'stop_loss_pips': 37, 'take_profit_pips': 98, 'min_range_pips': 5, 'range_start_minute': 50, 'range_end_minute': 18, 'trailing_stop_pips': 14, 'trailing_activation_pips': 43}",-18.010186363944076,403
"{'stop_loss_pips': 27, 'take_profit_pips': 57, 'min_range_pips': 6, 'range_start_minute': 47, 'range_end_minute': 14, 'trailing_stop_pips': 21, 'trailing_activation_pips': 38}",-36.07854304287106,404
"{'stop_loss_pips': 43, 'take_profit_pips': 149, 'min_range_pips': 9, 'range_start_minute': 52, 'range_end_minute': 17, 'trailing_stop_pips': 18, 'trailing_activation_pips': 49}",-9.660771054179868,405
"{'stop_loss_pips': 48, 'take_profit_pips': 139, 'min_range_pips': 14, 'range_start_minute': 49, 'range_end_minute': 18, 'trailing_stop_pips': 22, 'trailing_activation_pips': 38}",-9.644223664390577,406
"{'stop_loss_pips': 22, 'take_profit_pips': 129, 'min_range_pips': 13, 'range_start_minute': 52, 'range_end_minute': 10, 'trailing_stop_pips': 13, 'trailing_activation_pips': 30}",-18.06186478307082,407
"{'stop_loss_pips': 36, 'take_profit_pips': 114, 'min_range_pips': 10, 'range_start_minute': 47, 'range_end_minute': 20, 'trailing_stop_pips': 26, 'trailing_activation_pips': 19}",-14.292995002353429,408
"{'stop_loss_pips': 38, 'take_profit_pips': 135, 'min_range_pips': 8, 'range_start_minute': 54, 'range_end_minute': 16, 'trailing_stop_pips': 27, 'trailing_activation_pips': 19}",-11.869913827111324,409
"{'stop_loss_pips': 41, 'take_profit_pips': 143, 'min_range_pips': 9, 'range_start_minute': 46, 'range_end_minute': 16, 'trailing_stop_pips': 11, 'trailing_activation_pips': 47}",-10.81806693847086,410
"{'stop_loss_pips': 26, 'take_profit_pips': 149, 'min_range_pips': 15, 'range_start_minute': 52, 'range_end_minute': 13, 'trailing_stop_pips': 14, 'trailing_activation_pips': 44}",-14.157264489337399,411
"{'stop_loss_pips': 35, 'take_profit_pips': 130, 'min_range_pips': 12, 'range_start_minute': 46, 'range_end_minute': 16, 'trailing_stop_pips': 21, 'trailing_activation_pips': 39}",-13.728010581029501,412
"{'stop_loss_pips': 44, 'take_profit_pips': 119, 'min_range_pips': 6, 'range_start_minute': 52, 'range_end_minute': 16, 'trailing_stop_pips': 15, 'trailing_activation_pips': 30}",-13.037587707256128,413
"{'stop_loss_pips': 24, 'take_profit_pips': 123, 'min_range_pips': 7, 'range_start_minute': 46, 'range_end_minute': 15, 'trailing_stop_pips': 16, 'trailing_activation_pips': 24}",-16.284392284621127,414
"{'stop_loss_pips': 29, 'take_profit_pips': 142, 'min_range_pips': 7, 'range_start_minute': 49, 'range_end_minute': 19, 'trailing_stop_pips': 17, 'trailing_activation_pips': 48}",-12.322109266929347,415
"{'stop_loss_pips': 34, 'take_profit_pips': 84, 'min_range_pips': 12, 'range_start_minute': 49, 'range_end_minute': 15, 'trailing_stop_pips': 24, 'trailing_activation_pips': 40}",-22.259368658149835,416
"{'stop_loss_pips': 30, 'take_profit_pips': 133, 'min_range_pips': 6, 'range_start_minute': 53, 'range_end_minute': 15, 'trailing_stop_pips': 26, 'trailing_activation_pips': 36}",-13.526919363002838,417
"{'stop_loss_pips': 44, 'take_profit_pips': 123, 'min_range_pips': 6, 'range_start_minute': 48, 'range_end_minute': 19, 'trailing_stop_pips': 24, 'trailing_activation_pips': 48}",-12.631155039901664,418
"{'stop_loss_pips': 43, 'take_profit_pips': 134, 'min_range_pips': 5, 'range_start_minute': 50, 'range_end_minute': 11, 'trailing_stop_pips': 10, 'trailing_activation_pips': 29}",-12.549140534024216,419
"{'stop_loss_pips': 47, 'take_profit_pips': 149, 'min_range_pips': 12, 'range_start_minute': 52, 'range_end_minute': 20, 'trailing_stop_pips': 11, 'trailing_activation_pips': 31}",-8.696098030888818,420
"{'stop_loss_pips': 47, 'take_profit_pips': 149, 'min_range_pips': 12, 'range_start_minute': 52, 'range_end_minute': 20, 'trailing_stop_pips': 11, 'trailing_activation_pips': 31}",-8.696098030888818,421
"{'stop_loss_pips': 47, 'take_profit_pips': 149, 'min_range_pips': 12, 'range_start_minute': 52, 'range_end_minute': 20, 'trailing_stop_pips': 11, 'trailing_activation_pips': 31}",-8.696098030888818,422
"{'stop_loss_pips': 47, 'take_profit_pips': 149, 'min_range_pips': 12, 'range_start_minute': 52, 'range_end_minute': 20, 'trailing_stop_pips': 11, 'trailing_activation_pips': 31}",-8.696098030888818,423
"{'stop_loss_pips': 47, 'take_profit_pips': 149, 'min_range_pips': 12, 'range_start_minute': 52, 'range_end_minute': 20, 'trailing_stop_pips': 11, 'trailing_activation_pips': 31}",-8.696098030888818,424
"{'stop_loss_pips': 47, 'take_profit_pips': 149, 'min_range_pips': 12, 'range_start_minute': 52, 'range_end_minute': 20, 'trailing_stop_pips': 11, 'trailing_activation_pips': 31}",-8.696098030888818,425
"{'stop_loss_pips': 47, 'take_profit_pips': 149, 'min_range_pips': 12, 'range_start_minute': 52, 'range_end_minute': 20, 'trailing_stop_pips': 11, 'trailing_activation_pips': 31}",-8.696098030888818,426
"{'stop_loss_pips': 47, 'take_profit_pips': 149, 'min_range_pips': 12, 'range_start_minute': 52, 'range_end_minute': 20, 'trailing_stop_pips': 11, 'trailing_activation_pips': 31}",-8.696098030888818,427
